-0.008605957,9.934021,-0.16775513
0.3277893,9.812805,0.22383118
0.0496521,9.880737,0.10923767
0.0024719238,9.813339,0.10850525
0.16798401,9.795059,0.32411194
0.27546692,9.888092,0.46865845
0.42874146,9.718567,0.59243774
-0.009307861,9.85025,0.60591125
0.61868286,9.750183,0.7165375
0.44935608,9.777985,0.53118896
0.46954346,9.823242,0.62435913
0.5443573,9.820084,0.58454895
0.44943237,9.770065,0.6707611
0.60469055,9.80101,0.646225
0.5527191,9.778488,0.6257782
0.56895447,9.765198,0.63845825
0.52194214,9.760986,0.6266022
0.4981079,9.811157,0.6233978
0.5009155,9.801117,0.66322327
0.5153351,9.799835,0.58470154
0.5192871,9.796677,0.51127625
0.53970337,9.779953,0.473938
0.5132904,9.787094,0.54244995
0.5395813,9.810898,0.59954834
0.580307,9.798492,0.6122894
0.5454407,9.815094,0.6151123
0.50512695,9.813553,0.5329895
0.49894714,9.823669,0.48228455
0.43130493,9.839737,0.4755249
0.45637512,9.828629,0.4547119
0.5131073,9.827255,0.50457764
0.51361084,9.837906,0.5061798
0.4930725,9.830215,0.51434326
0.47242737,9.846817,0.50561523
0.44441223,9.842606,0.43629456
0.46144104,9.834488,0.42134094
0.4320221,9.8510895,0.3975525
0.3719635,9.83165,0.3505249
0.41822815,9.827728,0.34388733
0.3914032,9.824188,0.3594818
0.41575623,9.841522,0.37919617
0.46107483,9.839432,0.4284973
0.4810791,9.839706,0.42982483
0.4045105,9.841232,0.3519745
0.41563416,9.839737,0.38650513
0.4092102,9.860352,0.394989
0.35287476,9.873566,0.3120575
0.34754944,9.8754425,0.36288452
0.33615112,9.856857,0.34313965
0.35289,9.887772,0.30204773
0.36787415,9.863785,0.333786
0.32226563,9.816574,0.30664063
0.4020691,9.873611,0.23884583
0.41766357,9.839462,0.3254242
0.39865112,9.851593,0.30841064
0.33370972,9.879883,0.3539734
0.39100647,9.878174,0.29974365
0.39848328,9.841904,0.27915955
0.2864685,9.844299,0.29421997
0.35443115,9.835144,0.19670105
0.48414612,9.896774,0.39697266
0.42863464,9.829834,0.41137695
0.24969482,9.808868,0.40628052
0.4527588,9.81427,0.45150757
0.40081787,9.866211,0.4023285
0.3986206,9.840393,0.40542603
0.40161133,9.845245,0.39001465
0.4336853,9.837494,0.38023376
0.47659302,9.863281,0.4551239
0.3743744,9.828735,0.5233154
0.37104797,9.862595,0.49432373
0.42295837,9.834457,0.4633026
0.46128845,9.823593,0.46836853
0.49124146,9.819107,0.5883789
0.40367126,9.809692,0.57943726
0.44314575,9.833801,0.5676117
0.43902588,9.832504,0.52615356
0.3958435,9.860657,0.5587158
0.45269775,9.829544,0.5511017
0.43536377,9.800552,0.5619507
0.46131897,9.81189,0.5328369
0.4212799,9.82016,0.5034027
0.40585327,9.849594,0.5145874
0.41693115,9.841751,0.5076904
0.39915466,9.836029,0.4818573
0.37225342,9.807816,0.49354553
0.38511658,9.829712,0.5234375
0.39389038,9.8472595,0.53437805
0.3720703,9.806183,0.5235596
0.38519287,9.8224945,0.52145386
0.41290283,9.8363495,0.48779297
0.38298035,9.82103,0.47950745
0.392807,9.828552,0.49047852
0.33818054,9.841705,0.39060974
0.29508972,9.828049,0.4020691
0.23388672,9.838348,0.3963318
0.17481995,9.87468,0.34640503
0.24917603,9.853165,0.36299133
0.26245117,9.810684,0.4091339
0.2510376,9.855957,0.4028015
0.28982544,9.860184,0.42481995
0.26382446,9.807236,0.4479065
0.32463074,9.863892,0.40229797
0.25959778,9.884964,0.41030884
0.2348175,9.857849,0.40464783
0.27973938,9.839798,0.44143677
0.28709412,9.875626,0.43347168
0.35054016,9.837296,0.33999634
0.34580994,9.855438,0.39308167
0.30525208,9.865204,0.3955536
0.29226685,9.861542,0.34449768
0.32513428,9.847702,0.40289307
0.31809998,9.883301,0.4386139
0.34552002,9.840881,0.4284668
0.34387207,9.797012,0.46376038
0.31800842,9.884445,0.40260315
0.34655762,9.838837,0.4561615
0.35516357,9.808807,0.4297943
0.29118347,9.853348,0.32815552
0.2313385,9.815369,0.4167633
0.2982025,9.838287,0.3718109
0.27223206,9.868805,0.37991333
0.27072144,9.881729,0.39379883
0.35462952,9.832596,0.3944702
0.24990845,9.833847,0.36738586
0.30986023,9.8415985,0.39881897
0.26904297,9.84874,0.26991272
0.302536,9.846313,0.26875305
0.29219055,9.843887,0.3699646
0.31530762,9.847855,0.3922882
0.31530762,9.854675,0.37443542
0.3297882,9.839111,0.36462402
0.33911133,9.849411,0.37748718
0.32724,9.841354,0.35269165
0.368515,9.869278,0.39508057
0.32580566,9.894669,0.36869812
0.35758972,9.8654175,0.37020874
0.35585022,9.860413,0.34552002
0.32580566,9.851303,0.34829712
0.30923462,9.837967,0.36865234
0.30381775,9.821671,0.33059692
0.302063,9.847534,0.33073425
0.30937195,9.846558,0.35650635
0.24931335,9.843063,0.35395813
0.31407166,9.897339,0.36219788
0.39265442,9.87323,0.37139893
0.3418274,9.864563,0.41592407
0.30207825,9.878372,0.40179443
0.22280884,9.84436,0.3304901
0.22627258,9.848892,0.27793884
#,#,#
0.35446167,9.873596,0.25926208
0.39059448,9.896149,0.34291077
0.44934082,9.864548,0.3113556
0.45599365,9.856964,0.2748413
0.34979248,9.866318,0.24589539
0.48062134,9.857697,0.26890564
0.39009094,9.873993,0.24606323
0.39971924,9.84668,0.28190613
0.49305725,9.863907,0.18673706
0.5671387,9.907501,0.24058533
0.21095276,9.82872,0.17990112
0.54940796,9.866043,0.035888672
0.33450317,9.9023285,0.15258789
0.65249634,9.866272,0.015136719
0.44111633,9.8654785,0.20043945
0.603714,9.90097,0.15753174
0.7476654,9.881607,0.11845398
0.36976624,9.841385,0.21681213
0.56507874,9.862991,0.34204102
0.48942566,9.811401,0.1884613
0.6004944,9.872665,0.23641968
0.4048767,9.846756,0.14530945
0.56152344,9.905472,0.21739197
0.40711975,9.8832855,0.20410156
0.3386078,9.807449,0.3057251
0.67897034,9.867035,0.15769958
0.43959045,9.859039,0.25012207
0.48910522,9.877136,0.16204834
0.43267822,9.874573,0.3013153
0.33729553,9.875351,0.19174194
0.49969482,9.839767,0.21076965
0.30265808,9.831741,0.18203735
0.5705719,9.835678,0.21948242
0.37898254,9.830811,0.1763916
0.43963623,9.848663,0.17546082
0.5580139,9.896927,0.20515442
0.4433899,9.902084,0.18554688
0.35502625,9.8849945,0.1950531
0.4068756,9.854767,0.1325531
0.5321655,9.8320465,0.23718262
0.60317993,9.878693,0.22787476
0.5994873,9.860199,0.28297424
0.52864075,9.85025,0.32232666
0.57121277,9.862213,0.23345947
0.5261078,9.848587,0.1736908
0.49028015,9.882217,0.19915771
0.500473,9.880661,0.2130127
0.52207947,9.865143,0.14601135
0.5206146,9.862488,0.1515503
0.48509216,9.862564,0.19204712
0.4634552,9.8754425,0.21881104
0.39814758,9.839203,0.28848267
0.4673767,9.813553,0.31817627
0.4881897,9.841537,0.23381042
0.44039917,9.870865,0.21928406
0.4420929,9.8762665,0.22923279
0.43177795,9.8545685,0.27322388
0.37887573,9.855972,0.2677307
0.3800354,9.864517,0.2897644
0.43577576,9.855545,0.27326965
0.42144775,9.856949,0.26153564
0.46705627,9.904373,0.2414856
0.4880371,9.866074,0.24841309
0.4586029,9.838303,0.2577362
0.3479004,9.8797,0.24943542
0.43626404,9.871811,0.24925232
0.3952484,9.854095,0.19082642
0.34887695,9.887085,0.15975952
0.5856781,9.860275,0.27346802
0.57395935,9.867249,0.22039795
0.12866211,9.930084,0.23158264
0.41552734,9.89447,0.15426636
0.42510986,9.857544,0.16578674
0.18655396,9.870407,0.14297485
0.41758728,9.90625,0.1259613
0.39938354,9.873886,0.15235901
0.32617188,9.909012,0.16505432
0.29293823,9.853577,0.12687683
0.21435547,9.8841095,0.06277466
0.3681183,9.875412,0.017654419
0.19407654,9.897949,0.048446655
0.33865356,9.882996,0.18156433
0.46801758,9.862503,0.06492615
0.22286987,9.908386,-0.07382202
0.21124268,9.895752,0.028167725
0.18641663,9.890762,0.04827881
0.17027283,9.8437805,0.043060303
0.3119812,9.877228,0.0036315918
0.0945282,9.981552,-0.09815979
0.089538574,9.863922,-0.0022277832
0.45344543,9.891556,-0.025299072
0.2664795,9.91301,-0.035736084
0.3821869,9.871811,0.06336975
0.37901306,9.873886,0.106674194
0.30570984,9.911209,0.08004761
0.33728027,9.869644,0.046966553
0.32769775,9.873474,0.024505615
0.3406372,9.878265,-0.03163147
0.36514282,9.863831,-0.05609131
0.36224365,9.8858185,-0.06515503
0.2817688,9.889725,-0.12150574
0.21340942,9.882736,-0.16178894
0.26194763,9.865784,-0.1317749
0.3146057,9.893784,-0.072280884
0.26480103,9.911041,-0.102371216
0.26452637,9.882202,-0.05706787
0.28567505,9.889923,-0.05368042
0.27186584,9.882782,-0.05545044
0.28981018,9.8901825,-0.038146973
0.3022766,9.919037,-0.062072754
0.30578613,9.923157,-0.11967468
0.25012207,9.911118,-0.024627686
0.15423584,9.943741,-0.14654541
0.21282959,9.885849,-0.11576843
0.27682495,9.860886,-0.08930969
0.23736572,9.909378,-0.05029297
0.2255249,9.885544,-0.026367188
0.20135498,9.906326,-0.061065674
0.1825409,9.855347,-0.06791687
0.21835327,9.909439,-0.16763306
0.27870178,9.935318,-0.16300964
0.19807434,9.933273,-0.1351471
0.1985321,9.89743,-0.07336426
0.17150879,9.873108,0.0029296875
0.25167847,9.890045,-0.048675537
0.2122345,9.874527,-0.0045318604
0.31341553,9.852905,0.028808594
0.36073303,9.887787,-0.050704956
0.24845886,9.840668,0.07107544
0.20600891,9.863419,0.049804688
0.3802948,9.892593,-0.004470825
0.43663025,9.927872,0.04588318
0.50042725,9.861862,0.21472168
0.44239807,9.8741455,0.2732544
0.41964722,9.856598,0.23049927
0.41023254,9.855728,0.17480469
0.5690613,9.835129,0.32696533
0.5613556,9.868027,0.33631897
0.44532776,9.859268,0.32139587
0.4446869,9.887024,0.21566772
0.5313263,9.831299,0.2584839
0.52453613,9.870117,0.22143555
0.42904663,9.828491,0.26086426
0.43032837,9.859894,0.3305664
0.5231781,9.827835,0.32106018
0.5492859,9.827148,0.26708984
0.5401306,9.852127,0.20448303
0.5562439,9.89212,0.22106934
0.5128479,9.848465,0.246521
0.50068665,9.844254,0.34228516
#,#,#
0.5354614,9.82843,0.40956116
0.5281372,9.837799,0.3534851
0.47453308,9.858368,0.3360443
0.43640137,9.8591,0.3710785
0.5031128,9.833939,0.36131287
0.58451843,9.82428,0.35112
0.5963135,9.815552,0.3986969
0.56018066,9.794586,0.40049744
0.49086,9.820251,0.36242676
0.5071869,9.820816,0.36447144
0.5243683,9.827393,0.32981873
0.5280609,9.857208,0.2999878
0.5462036,9.873962,0.32325745
0.54034424,9.867569,0.32746887
0.44781494,9.867172,0.32255554
0.41941833,9.872223,0.3126068
0.58451843,9.876236,0.25750732
0.542923,9.840271,0.2639923
0.4320984,9.868301,0.18606567
0.51297,9.852966,0.21946716
0.5128174,9.846771,0.29483032
0.5328827,9.856476,0.3187561
0.46955872,9.842072,0.2523651
0.53419495,9.789795,0.33380127
0.51708984,9.887939,0.22200012
0.27975464,9.87381,0.26956177
0.3394928,9.829529,0.27523804
0.68003845,9.810684,0.2837677
0.26185608,9.863556,0.19688416
0.5513916,9.864227,0.14883423
0.71839905,9.859146,0.26548767
0.5394592,9.890076,0.12156677
0.24920654,9.898926,0.10018921
0.29710388,9.894592,0.19021606
0.34379578,9.825562,0.19250488
0.5252991,9.879883,0.2891388
0.5549011,9.859146,0.38241577
0.38705444,9.870453,0.36662292
0.44062805,9.866409,0.3636322
0.42138672,9.87027,0.23297119
0.34431458,9.839493,0.23225403
0.458786,9.835922,0.22299194
0.49169922,9.826767,0.22796631
0.45455933,9.838318,0.3837433
0.4761505,9.853867,0.33992004
0.42626953,9.853073,0.29029846
0.40837097,9.892212,0.263031
0.35908508,9.868118,0.2147522
0.34631348,9.873657,0.13781738
0.29434204,9.863892,0.11042786
0.33047485,9.86171,0.14994812
0.30151367,9.870178,0.09373474
0.33235168,9.858383,0.112716675
0.33718872,9.904526,0.1539917
0.37754822,9.888824,0.16726685
0.3528595,9.880356,0.099243164
0.33940125,9.854919,0.058166504
0.37046814,9.87999,0.06689453
0.37413025,9.8853,0.093551636
0.37234497,9.900497,0.11177063
0.41271973,9.891754,0.118255615
0.41757202,9.884247,0.16773987
0.4259796,9.86116,0.22462463
0.4331665,9.862717,0.22731018
0.4432373,9.851395,0.20713806
0.37583923,9.860275,0.22473145
0.38471985,9.85672,0.17547607
0.42823792,9.84581,0.1658783
0.4049225,9.885162,0.18138123
0.3774109,9.870529,0.12654114
0.4136505,9.846191,0.10342407
0.4485321,9.891769,0.12730408
0.43060303,9.876892,0.18327332
0.440094,9.87381,0.13589478
0.54811096,9.873337,0.21661377
0.59716797,9.868927,0.26441956
0.53286743,9.852173,0.3254242
0.52149963,9.821182,0.4017334
0.5773468,9.826691,0.42991638
0.5606842,9.814835,0.444458
0.5729828,9.8190155,0.45899963
0.6755066,9.820694,0.5257263
0.57688904,9.812485,0.5458679
0.6148834,9.827988,0.5450897
0.5903015,9.7981415,0.5148773
0.5062256,9.844513,0.47451782
0.628006,9.813553,0.4799347
0.5729523,9.792969,0.55789185
0.5792389,9.826752,0.58917236
0.60302734,9.832535,0.57592773
0.5679779,9.832336,0.49021912
0.5998688,9.808609,0.5037689
0.552536,9.801651,0.48162842
0.48780823,9.804489,0.5102844
0.6090088,9.848526,0.5675049
0.5085144,9.835953,0.5777283
0.5464325,9.795319,0.5281067
0.58755493,9.805435,0.5769043
0.48576355,9.82106,0.5449829
0.5016327,9.774399,0.5848694
0.53816223,9.799759,0.5887451
0.52708435,9.830185,0.61865234
0.51234436,9.818039,0.62493896
0.5542755,9.814987,0.58558655
0.5000305,9.831421,0.5983887
0.37815857,9.825378,0.58029175
0.385849,9.838058,0.5657196
0.4697113,9.839737,0.5563965
0.42837524,9.825546,0.50598145
0.502594,9.808517,0.51582336
0.42860413,9.835449,0.5751953
0.43341064,9.847244,0.5673218
0.41775513,9.837372,0.5328827
0.37487793,9.807968,0.53526306
0.38908386,9.798981,0.52493286
0.36016846,9.8081665,0.52311707
0.3999176,9.837402,0.5307007
0.43414307,9.835342,0.52848816
0.39982605,9.819778,0.49822998
0.30566406,9.822693,0.52124023
0.3148346,9.845657,0.538147
0.36993408,9.847809,0.5117035
0.33396912,9.800919,0.46652222
0.39135742,9.804733,0.46791077
0.442688,9.811829,0.52723694
0.4572754,9.797302,0.5270386
0.41464233,9.821747,0.53175354
0.49072266,9.840546,0.571228
0.4406433,9.815674,0.55718994
0.41145325,9.80571,0.5109863
0.41419983,9.815063,0.5075836
0.39515686,9.825394,0.57710266
0.3927307,9.822372,0.585022
0.45707703,9.777924,0.6251373
0.43104553,9.802078,0.56536865
0.39476013,9.828674,0.61331177
0.40896606,9.814697,0.58239746
0.3783722,9.851776,0.5550995
0.40142822,9.806976,0.5560913
0.43115234,9.826767,0.61172485
0.43432617,9.84317,0.5926819
0.41670227,9.818069,0.54599
0.45567322,9.840622,0.5716095
0.3020172,9.764053,0.56188965
0.34776306,9.826721,0.52401733
0.37701416,9.846756,0.587265
0.3921051,9.853836,0.4080658
0.43392944,9.840851,0.49751282
0.41607666,9.805603,0.5114746
0.3078308,9.832596,0.58699036
#,#,#
0.3070984,9.832809,0.5184326
0.34884644,9.835709,0.56658936
0.3996277,9.835983,0.58799744
0.4444275,9.794128,0.57470703
0.36505127,9.804138,0.57647705
0.38824463,9.797165,0.54452515
0.39219666,9.824844,0.5570984
0.4045868,9.835541,0.57618713
0.3521576,9.807861,0.591095
0.3996277,9.799881,0.5591736
0.33859253,9.814484,0.5840149
0.39961243,9.8207245,0.55703735
0.33758545,9.8220825,0.5566559
0.25341797,9.84816,0.55682373
0.4313202,9.770554,0.58758545
0.4363861,9.773727,0.6018982
0.36116028,9.826035,0.5948334
0.32974243,9.853409,0.5713043
0.40307617,9.844955,0.61102295
0.42211914,9.809082,0.5568085
0.36268616,9.825317,0.5410309
0.26919556,9.841568,0.49835205
0.31149292,9.817154,0.55311584
0.3557129,9.824341,0.5731354
0.27870178,9.848801,0.47714233
0.2619934,9.864822,0.40396118
0.39367676,9.808823,0.4513855
0.37924194,9.803146,0.5224762
0.34065247,9.801605,0.52931213
0.3378296,9.806351,0.52153015
0.37861633,9.814102,0.53234863
0.4074402,9.816467,0.5284424
0.39942932,9.81752,0.5818329
0.39460754,9.822418,0.6017151
0.38386536,9.8038025,0.58218384
0.4000702,9.833786,0.62358093
0.3766327,9.835251,0.5566406
0.36169434,9.821243,0.5598297
0.3125763,9.825684,0.5064392
0.3250885,9.827835,0.5160217
0.32426453,9.812439,0.53300476
0.29100037,9.836288,0.5254669
0.42088318,9.820023,0.5534973
0.4052124,9.84053,0.54678345
0.33370972,9.81308,0.52386475
0.37634277,9.819519,0.5596466
0.3249817,9.840408,0.5747986
0.3044281,9.815323,0.537796
0.33525085,9.8749695,0.5148163
0.21653748,9.891678,0.43528748
0.29542542,9.774277,0.52012634
0.17068481,9.861084,0.35705566
0.28819275,9.845978,0.41488647
0.34803772,9.808975,0.4590149
0.33509827,9.813843,0.51208496
0.34347534,9.820511,0.52156067
0.30917358,9.842789,0.51908875
0.301651,9.809158,0.4391327
0.319458,9.844238,0.47735596
0.17279053,9.826477,0.4190979
0.2725525,9.8975525,0.47618103
0.3685913,9.828476,0.48390198
0.41319275,9.8667755,0.5100708
0.35725403,9.840546,0.5133362
0.3040619,9.836685,0.4914856
0.26878357,9.854401,0.46443176
0.30303955,9.877213,0.53175354
0.26316833,9.851517,0.44374084
0.25424194,9.86232,0.47581482
0.31373596,9.830139,0.5035553
0.34916687,9.808914,0.5025177
0.38858032,9.842361,0.47898865
0.3612671,9.834976,0.4968109
0.32426453,9.852478,0.5099335
0.2886505,9.855835,0.43856812
0.25894165,9.816742,0.46121216
0.30096436,9.835541,0.4725647
0.36317444,9.841766,0.47276306
0.3421173,9.855484,0.46852112
0.33633423,9.831253,0.51109314
0.3399048,9.831726,0.5347595
0.30384827,9.842529,0.5335388
0.28009033,9.842834,0.4565277
0.2913971,9.797897,0.43429565
0.2492218,9.797073,0.41355896
0.16635132,9.842453,0.41593933
0.29945374,9.851212,0.49363708
0.3370514,9.856201,0.5164337
0.2921753,9.870743,0.52586365
0.3630829,9.857391,0.54273987
0.4104004,9.824005,0.57411194
0.35661316,9.822174,0.5352478
0.37145996,9.825455,0.5356903
0.3191681,9.83992,0.53518677
0.3319702,9.800034,0.5458679
0.25811768,9.813889,0.44725037
0.26579285,9.820694,0.4578247
0.36177063,9.828629,0.5297699
0.35733032,9.83223,0.51815796
0.4300995,9.834656,0.59265137
0.30612183,9.845535,0.49224854
0.3471527,9.842575,0.503952
0.3621521,9.842117,0.46070862
0.26911926,9.868912,0.48576355
0.26748657,9.857025,0.5036011
0.30026245,9.83313,0.47409058
0.22784424,9.81842,0.53004456
0.24967957,9.853607,0.4549713
0.35353088,9.811371,0.51834106
0.2801361,9.820358,0.50468445
0.2896881,9.863083,0.41481018
0.26486206,9.85466,0.4580841
0.28529358,9.8364105,0.39533997
0.2739563,9.848755,0.4210205
0.2985382,9.844498,0.42836
0.35777283,9.84227,0.47207642
0.27339172,9.828186,0.44955444
0.30307007,9.819641,0.44395447
0.27182007,9.836716,0.47346497
0.31263733,9.882324,0.4861145
0.31030273,9.876495,0.5012207
0.32702637,9.831879,0.49780273
0.29508972,9.832306,0.45658875
0.2591858,9.852875,0.45809937
0.34248352,9.851196,0.4478302
0.40856934,9.857239,0.47817993
0.315094,9.838074,0.47755432
0.34797668,9.833221,0.48005676
0.30026245,9.825607,0.4829712
0.30215454,9.8250885,0.4971161
0.32170105,9.839996,0.48805237
0.3115387,9.834351,0.459198
0.3403778,9.829163,0.46488953
0.3670044,9.8454895,0.4855194
0.33312988,9.846909,0.47547913
0.2857666,9.84935,0.44866943
0.29571533,9.830124,0.4144287
0.3241577,9.839966,0.44030762
0.3138275,9.845779,0.44898987
0.31588745,9.851105,0.46850586
0.3143463,9.840103,0.45089722
0.3241272,9.851028,0.46791077
0.30838013,9.853149,0.46214294
0.3025055,9.83667,0.5245514
0.3315277,9.827759,0.5469208
0.30929565,9.841904,0.5294342
0.33094788,9.8441925,0.48025513
0.31687927,9.835205,0.49086
0.30934143,9.8237,0.5072937
0.35047913,9.818878,0.5218048
#,#,#
0.3257904,9.842438,0.4979248
0.34378052,9.816986,0.48815918
0.33354187,9.820435,0.50320435
0.24429321,9.81514,0.4968109
0.36294556,9.813553,0.37731934
0.30812073,9.863174,0.40846252
0.27093506,9.807373,0.44792175
0.28276062,9.846603,0.42399597
0.29093933,9.871384,0.4758911
0.35211182,9.839371,0.43563843
0.30311584,9.8098755,0.47413635
0.25691223,9.883072,0.40148926
0.28181458,9.840012,0.40197754
0.2987671,9.811584,0.486969
0.3106079,9.851135,0.42114258
0.315094,9.837036,0.4961853
0.35598755,9.87793,0.37898254
0.2912445,9.8450775,0.43177795
0.30706787,9.846695,0.49369812
0.22587585,9.804977,0.43147278
0.1991272,9.836914,0.37139893
0.29478455,9.878387,0.38952637
0.14178467,9.869095,0.3378601
0.20443726,9.874847,0.47483826
0.17414856,9.881088,0.39378357
0.17633057,9.862137,0.3390503
0.13354492,9.820496,0.37771606
0.18313599,9.843567,0.45666504
0.101364136,9.850586,0.42926025
0.33158875,9.814484,0.38557434
0.33398438,9.841949,0.39950562
0.4051056,9.848434,0.35935974
0.37789917,9.849136,0.33021545
0.38963318,9.847107,0.38909912
0.40075684,9.848907,0.42791748
0.35343933,9.836884,0.38006592
0.31967163,9.830414,0.41290283
0.39512634,9.876801,0.44587708
0.4347229,9.908234,0.4156952
0.37005615,9.868011,0.42562866
0.40963745,9.852737,0.47698975
0.45458984,9.853989,0.44573975
0.4108429,9.856613,0.43493652
0.39082336,9.8315735,0.41210938
0.4330902,9.830307,0.4206848
0.41671753,9.857468,0.48587036
0.4183197,9.847992,0.4935608
0.4119568,9.847534,0.47273254
0.35578918,9.862991,0.46176147
0.3582611,9.852829,0.500885
0.3363037,9.827209,0.4275818
0.40377808,9.844299,0.4155426
0.48059082,9.858063,0.41455078
0.5098877,9.805756,0.45976257
0.46594238,9.853653,0.506958
0.4287262,9.861557,0.47468567
0.45185852,9.845352,0.46333313
0.45674133,9.857147,0.44506836
0.43074036,9.822693,0.4554596
0.40907288,9.850891,0.5337982
0.47201538,9.842712,0.44717407
0.45355225,9.808975,0.4999237
0.4653473,9.82077,0.4507904
0.4740448,9.844421,0.53211975
0.47261047,9.8316345,0.5750885
0.4479828,9.825775,0.5292969
0.47109985,9.866165,0.53933716
0.44935608,9.840637,0.42481995
0.41325378,9.811447,0.4469452
0.42236328,9.86087,0.5063782
0.48501587,9.841797,0.42016602
0.42434692,9.830017,0.3912964
0.46943665,9.825577,0.4769287
0.42030334,9.828964,0.41351318
0.4539795,9.845566,0.41511536
0.47851563,9.875183,0.4683838
0.44548035,9.849731,0.44415283
0.4151001,9.816147,0.42375183
0.4493866,9.800476,0.43016052
0.41462708,9.847519,0.45457458
0.41523743,9.814987,0.46577454
0.463089,9.807327,0.44680786
0.41612244,9.831192,0.40100098
0.37664795,9.844513,0.44233704
0.38780212,9.841919,0.4028778
0.36627197,9.82843,0.3748169
0.30706787,9.841217,0.39646912
0.29397583,9.820862,0.41078186
0.33911133,9.852417,0.3527832
0.34677124,9.848602,0.3658142
0.38459778,9.869492,0.38682556
0.40777588,9.869202,0.37719727
0.40274048,9.861984,0.395813
0.41038513,9.839737,0.40875244
0.4086609,9.829041,0.4169464
0.41145325,9.82814,0.43086243
0.3921814,9.852493,0.4131012
0.38183594,9.8420105,0.41275024
0.39660645,9.826874,0.42330933
0.38467407,9.833862,0.40574646
0.34942627,9.833649,0.40701294
0.34617615,9.84491,0.40905762
0.37849426,9.842758,0.359787
0.41299438,9.843658,0.38562012
0.396698,9.865723,0.43299866
0.385849,9.858688,0.4446411
0.36790466,9.849258,0.41116333
0.37754822,9.841171,0.4053955
0.39666748,9.845642,0.39657593
0.41970825,9.847549,0.41220093
0.36790466,9.850357,0.4419403
0.3998108,9.846268,0.44244385
0.39024353,9.835358,0.39437866
0.3912964,9.845673,0.3600006
0.3670807,9.860718,0.35820007
0.3467865,9.818375,0.4278717
0.38981628,9.83876,0.38450623
0.4026947,9.846527,0.40196228
0.3700714,9.823975,0.39842224
0.3313141,9.759094,0.37387085
0.35098267,9.818649,0.364563
0.34455872,9.858566,0.3528595
0.3213501,9.831894,0.30247498
0.31547546,9.855438,0.32255554
0.28245544,9.830597,0.31170654
0.17848206,9.844315,0.21743774
0.23262024,9.868332,0.22151184
0.27262878,9.870514,0.24569702
0.34225464,9.866043,0.20336914
0.31111145,9.86763,0.2320404
0.26348877,9.856354,0.31280518
0.33213806,9.835953,0.29632568
0.27746582,9.8641205,0.24905396
0.29626465,9.867615,0.2425232
0.29096985,9.867691,0.24333191
0.2700653,9.887619,0.3234253
0.31448364,9.868576,0.31881714
0.3560028,9.842789,0.2940979
0.3374939,9.892944,0.27560425
0.33421326,9.897827,0.26782227
0.3263092,9.877823,0.24208069
0.29515076,9.865677,0.30271912
0.31671143,9.846436,0.25663757
0.30340576,9.87381,0.1924591
0.30581665,9.873016,0.22975159
0.28831482,9.864868,0.22602844
0.28422546,9.871216,0.2323761
0.34757996,9.88652,0.25021362
0.37794495,9.8611145,0.2911377
0.38536072,9.847549,0.30711365
#,#,#
0.3591919,9.871719,0.2874756
0.37353516,9.873932,0.2936554
0.370224,9.879486,0.34246826
0.37712097,9.875565,0.32017517
0.38664246,9.873703,0.25779724
0.36531067,9.864044,0.2849884
0.332901,9.838654,0.27590942
0.33088684,9.849197,0.2611084
0.3293457,9.870346,0.24833679
0.29656982,9.847137,0.24641418
0.30633545,9.874481,0.20179749
0.33769226,9.873489,0.21295166
0.3634491,9.86734,0.29092407
0.3547516,9.874664,0.28814697
0.31655884,9.8671875,0.306427
0.32707214,9.850006,0.30244446
0.3436737,9.83754,0.28269958
0.3619995,9.829712,0.28520203
0.35139465,9.885696,0.2967682
0.31825256,9.859222,0.29216003
0.30862427,9.875549,0.24613953
0.3081665,9.896194,0.19059753
0.3061676,9.899246,0.15280151
0.3017273,9.872864,0.16757202
0.33828735,9.872437,0.15245056
0.28657532,9.860321,0.14541626
0.3572235,9.865234,0.2311554
0.3740692,9.865921,0.30163574
0.35464478,9.879364,0.26643372
0.4081421,9.857376,0.27989197
0.35009766,9.87265,0.30613708
0.37228394,9.861221,0.30914307
0.33241272,9.8754425,0.31422424
0.36825562,9.873871,0.3385315
0.3087616,9.827698,0.2851715
0.22888184,9.873993,0.184906
0.29037476,9.887344,0.179245
0.32937622,9.887344,0.1923523
0.33396912,9.889587,0.21321106
0.38853455,9.897629,0.19628906
0.41453552,9.846893,0.23388672
0.41259766,9.866394,0.23416138
0.4017334,9.83902,0.2756958
0.31785583,9.865768,0.28781128
0.33181763,9.886917,0.29942322
0.3141327,9.845551,0.2944641
0.29171753,9.875687,0.26054382
0.24377441,9.880417,0.2551117
0.2585907,9.872452,0.21673584
0.27130127,9.906647,0.2099762
0.27416992,9.889801,0.17825317
0.2831421,9.872131,0.15942383
0.34083557,9.869385,0.18682861
0.36843872,9.863602,0.27148438
0.41860962,9.848297,0.29013062
0.42433167,9.851013,0.3560791
0.4157257,9.851044,0.39904785
0.42025757,9.857468,0.4355011
0.4210205,9.841934,0.45619202
0.4515686,9.838196,0.43249512
0.47712708,9.826263,0.45393372
0.4273529,9.812988,0.5265808
0.3998108,9.811249,0.5166168
0.42755127,9.825912,0.494812
0.41845703,9.848251,0.47831726
0.4203949,9.830811,0.4350586
0.38668823,9.822693,0.43432617
0.37020874,9.863159,0.42156982
0.35231018,9.850739,0.40208435
0.34230042,9.878906,0.3564911
0.32263184,9.878738,0.2895813
0.37669373,9.864944,0.3475647
0.3792572,9.829086,0.37712097
0.3559265,9.838867,0.3581543
0.32762146,9.859451,0.31602478
0.31454468,9.880066,0.33380127
0.30915833,9.8398285,0.38383484
0.33122253,9.868195,0.36408997
0.29940796,9.864059,0.31944275
0.28547668,9.839081,0.3135376
0.31098938,9.886169,0.24836731
0.20869446,9.875671,0.26072693
0.24295044,9.845337,0.22554016
0.34651184,9.846466,0.342865
0.3801422,9.862381,0.36325073
0.37968445,9.872574,0.40682983
0.3518219,9.831436,0.35131836
0.39788818,9.905212,0.41055298
0.2796631,9.915848,0.39222717
0.31114197,9.893967,0.29733276
0.34259033,9.867722,0.30174255
0.3050995,9.9088745,0.29353333
0.21485901,9.83371,0.2590027
0.24108887,9.873444,0.11445618
0.2621765,9.832642,0.19715881
0.27876282,9.850723,0.2511139
0.31851196,9.844498,0.25039673
0.3779297,9.845657,0.28878784
0.2857666,9.852066,0.3177948
0.2457428,9.850708,0.30445862
0.27140808,9.847305,0.27101135
0.22015381,9.868423,0.27697754
0.0846405,9.849625,0.24189758
0.12677002,9.903671,0.20455933
0.12423706,9.851669,0.124557495
0.15560913,9.890961,0.14770508
0.14779663,9.885437,0.10197449
0.18890381,9.863678,0.12623596
0.13980103,9.873566,0.1622467
0.133255,9.867706,0.14668274
0.15184021,9.870682,0.12960815
0.12956238,9.875565,0.16474915
0.21942139,9.884613,0.20780945
0.22262573,9.887344,0.17939758
0.26042175,9.871857,0.21109009
0.26861572,9.859772,0.26127625
0.2584381,9.877869,0.21624756
0.33370972,9.889725,0.24394226
0.38578796,9.860245,0.28808594
0.41104126,9.830994,0.2951355
0.41662598,9.855011,0.33259583
0.39956665,9.872635,0.37734985
0.38050842,9.859131,0.36842346
0.40483093,9.841232,0.39450073
0.39865112,9.863998,0.4018402
0.4086914,9.851929,0.34692383
0.3813324,9.876053,0.32666016
0.37945557,9.858078,0.36790466
0.37478638,9.869385,0.42622375
0.41360474,9.845352,0.3675537
0.39735413,9.852264,0.35977173
0.39404297,9.849609,0.3130951
0.3738098,9.833801,0.30845642
0.3829956,9.864716,0.29811096
0.34947205,9.839737,0.377182
0.3531494,9.832596,0.3773346
0.3962555,9.848785,0.3734131
0.38259888,9.830856,0.33395386
0.3668518,9.840546,0.38116455
0.4820099,9.887497,0.36825562
0.41889954,9.814957,0.3927307
0.39268494,9.833496,0.3881073
0.43037415,9.848694,0.3396454
0.40863037,9.821289,0.40063477
0.39157104,9.801743,0.37831116
0.36483765,9.867981,0.37355042
0.3417511,9.851196,0.377182
0.34605408,9.838318,0.28657532
0.30067444,9.816605,0.26119995
0.2992859,9.855591,0.19671631
#,#,#
0.3334198,9.846878,0.22338867
0.34596252,9.846588,0.28448486
0.34222412,9.841873,0.27755737
0.34417725,9.825455,0.29119873
0.4138031,9.827499,0.39057922
0.41685486,9.839157,0.407547
0.36686707,9.844894,0.4195404
0.38464355,9.827667,0.40904236
0.40138245,9.803772,0.3982544
0.42417908,9.82576,0.411911
0.40307617,9.825073,0.39627075
0.34910583,9.86235,0.37771606
0.33761597,9.84407,0.35661316
0.33355713,9.846146,0.36073303
0.34858704,9.843124,0.34085083
0.35424805,9.879715,0.31550598
0.32060242,9.854202,0.3250885
0.337677,9.85762,0.322052
0.3491974,9.882446,0.3305664
0.3451538,9.858475,0.34414673
0.34080505,9.875198,0.35395813
0.35165405,9.885345,0.3336029
0.33444214,9.859146,0.35957336
0.31869507,9.845779,0.3597107
0.30316162,9.85788,0.32354736
0.2717743,9.886551,0.30023193
0.32176208,9.870483,0.19976807
0.3008728,9.864197,0.22613525
0.23680115,9.8645935,0.26316833
0.25837708,9.862808,0.27568054
0.27331543,9.859222,0.31150818
0.3049469,9.881851,0.32569885
0.32878113,9.882599,0.29174805
0.36773682,9.865677,0.30596924
0.39266968,9.854477,0.3627472
0.35520935,9.853348,0.36346436
0.30393982,9.846985,0.27412415
0.31303406,9.822952,0.30052185
0.25952148,9.902161,0.24711609
0.2752838,9.869644,0.24459839
0.33631897,9.888657,0.2842865
0.36439514,9.857452,0.3141632
0.36366272,9.861267,0.33470154
0.3506775,9.847229,0.36421204
0.3381958,9.888275,0.3436432
0.3920288,9.813644,0.41455078
0.40945435,9.836548,0.3713684
0.36167908,9.859711,0.34629822
0.28604126,9.863403,0.35836792
0.33015442,9.897949,0.31326294
0.34597778,9.864197,0.29751587
0.3652649,9.835007,0.31626892
0.37234497,9.84465,0.30726624
0.36497498,9.854614,0.19732666
0.29719543,9.872513,0.2609253
0.35533142,9.907532,0.254776
0.31463623,9.920212,0.3153839
0.2917633,9.888779,0.23791504
0.34495544,9.864639,0.2577057
0.29333496,9.890381,0.2499237
0.34825134,9.8914795,0.25694275
0.3474884,9.871277,0.21343994
0.3561554,9.852554,0.2554779
0.3595276,9.860458,0.30064392
0.3323059,9.8732605,0.2967682
0.33972168,9.861786,0.28108215
0.34861755,9.841187,0.29911804
0.37190247,9.828217,0.24542236
0.3403778,9.863724,0.22640991
0.36868286,9.879089,0.28674316
0.36610413,9.857971,0.28700256
0.34931946,9.865143,0.29832458
0.30303955,9.876495,0.24417114
0.3114624,9.859512,0.24908447
0.30142212,9.854874,0.24543762
0.25634766,9.837967,0.2559204
0.25312805,9.871277,0.19174194
0.24336243,9.888168,0.14407349
0.1795044,9.859009,0.16305542
0.17497253,9.844635,0.14039612
0.21002197,9.844635,0.077545166
0.26478577,9.859009,0.01676941
0.28497314,9.873871,0.08091736
0.2554779,9.887909,0.22200012
0.19268799,9.885193,0.23085022
0.25169373,9.896988,0.1795044
0.3163452,9.900055,0.16870117
0.30200195,9.871902,0.15216064
0.26219177,9.886536,0.1209259
0.33815002,9.869934,0.12979126
0.36643982,9.888153,0.1255188
0.3648224,9.887314,0.15708923
0.33348083,9.880203,0.14782715
0.35157776,9.845169,0.14302063
0.39698792,9.866669,0.15745544
0.48371887,9.833572,0.24453735
0.45877075,9.858261,0.25741577
0.4404602,9.870209,0.33303833
0.38224792,9.86087,0.35591125
0.41607666,9.89679,0.32873535
0.4615631,9.871323,0.32955933
0.4947052,9.840942,0.26812744
0.49645996,9.826675,0.33818054
0.4376526,9.87532,0.34072876
0.4032135,9.886826,0.32684326
0.38974,9.85582,0.22227478
0.3707428,9.86319,0.25073242
0.39572144,9.844864,0.18899536
0.3748474,9.827866,0.26139832
0.35153198,9.87529,0.22981262
0.38415527,9.866425,0.18307495
0.38633728,9.878632,0.25080872
0.5002594,9.852707,0.27445984
0.44981384,9.868103,0.31991577
0.38327026,9.866409,0.27894592
0.41033936,9.874451,0.29057312
0.3672943,9.893082,0.31521606
0.33389282,9.844788,0.23851013
0.38017273,9.861267,0.2395935
0.32766724,9.874435,0.21942139
0.37501526,9.8832245,0.1945343
0.36793518,9.880341,0.20747375
0.3891449,9.8433075,0.22695923
0.36349487,9.869705,0.21936035
0.39660645,9.849533,0.20974731
0.3914795,9.857101,0.27339172
0.4094696,9.857269,0.32762146
0.45573425,9.854019,0.38853455
0.4550171,9.865692,0.3705902
0.41331482,9.874329,0.40608215
0.40081787,9.85434,0.3915558
0.40460205,9.868423,0.37753296
0.39707947,9.858368,0.3490448
0.42913818,9.858871,0.35414124
0.416687,9.863602,0.38360596
0.40350342,9.830719,0.3528595
0.42596436,9.844498,0.32444763
0.44039917,9.8517,0.32330322
0.39987183,9.863754,0.35517883
0.37309265,9.870895,0.32966614
0.40213013,9.887711,0.29608154
0.39952087,9.856644,0.28230286
0.29782104,9.83963,0.19673157
0.32054138,9.87262,0.18217468
0.3252411,9.839264,0.25073242
0.3629303,9.873184,0.21391296
0.385849,9.874466,0.20536804
0.36483765,9.865326,0.17448425
0.32136536,9.876648,0.21961975
0.34170532,9.828888,0.28318787
#,#,#
0.3592682,9.859604,0.24467468
0.34617615,9.877823,0.20610046
0.38739014,9.881485,0.23454285
0.39723206,9.871307,0.18103027
0.3290558,9.872131,0.1370697
0.3756714,9.89267,0.17965698
0.42713928,9.86882,0.2582245
0.2932434,9.873749,0.14430237
0.20748901,9.869171,0.25282288
0.302948,9.895966,0.24552917
0.21514893,9.870941,0.22073364
0.28582764,9.843842,0.20091248
0.336792,9.876083,0.19059753
0.35746765,9.886993,0.1832428
0.3628235,9.863968,0.25308228
0.37480164,9.834991,0.29006958
0.3516388,9.827667,0.23571777
0.38935852,9.818909,0.2562561
0.394516,9.837051,0.2411499
0.36386108,9.874329,0.22232056
0.3738861,9.85878,0.30593872
0.3455658,9.860764,0.28829956
0.39808655,9.879562,0.21272278
0.37121582,9.896744,0.21643066
0.33584595,9.916077,0.19335938
0.34095764,9.86882,0.21931458
0.3226471,9.886673,0.20648193
0.30899048,9.8974,0.22673035
0.3166046,9.877914,0.18138123
0.2835083,9.887497,0.15109253
0.29959106,9.870285,0.16596985
0.2652893,9.883911,0.08042908
0.3230133,9.89653,0.12071228
0.36412048,9.905579,0.1569519
0.36380005,9.873886,0.18196106
0.34005737,9.885941,0.24667358
0.3514862,9.902054,0.24128723
0.34861755,9.868668,0.20587158
0.33340454,9.857758,0.20544434
0.34309387,9.852905,0.2662506
0.3434143,9.874695,0.24664307
0.3443451,9.890274,0.1837616
0.32380676,9.898727,0.16801453
0.32450867,9.882584,0.15888977
0.30204773,9.875259,0.16329956
0.25872803,9.863251,0.14407349
0.2611847,9.847061,0.13534546
0.308136,9.842712,0.12214661
0.34173584,9.875793,0.09631348
0.31834412,9.881302,0.1390686
0.3028717,9.869217,0.17623901
0.28153992,9.890778,0.20344543
0.29933167,9.879364,0.20106506
0.30422974,9.867493,0.12849426
0.28396606,9.869919,0.15596008
0.28553772,9.865677,0.15800476
0.338562,9.866943,0.068862915
0.28796387,9.899872,0.114990234
0.2809143,9.893158,0.1227417
0.2849121,9.878204,0.09623718
0.2881012,9.890396,0.11445618
0.20108032,9.861938,0.05795288
0.22657776,9.8638,0.12080383
0.22076416,9.8759,0.021881104
0.18914795,9.888016,-0.04109192
0.19062805,9.873062,-0.0395813
0.20213318,9.896149,-0.040512085
0.18826294,9.890579,0.07833862
0.2397461,9.911789,0.07028198
0.27763367,9.882019,0.023742676
0.2496643,9.900925,0.08329773
0.28614807,9.882874,0.13929749
0.3460846,9.8658905,0.08061218
0.2779541,9.853683,0.06944275
0.3236847,9.835922,0.113601685
0.29281616,9.919037,0.103378296
0.2732849,9.851807,0.08538818
0.26556396,9.854019,0.09095764
0.38238525,9.854507,0.15141296
0.2986908,9.859665,0.1648407
0.39561462,9.863922,0.14511108
0.3734436,9.8606415,0.090408325
0.3592224,9.904175,0.1111145
0.37475586,9.880737,0.14712524
0.32884216,9.870544,0.18740845
0.33406067,9.862793,0.24017334
0.29748535,9.877136,0.15440369
0.28289795,9.899521,0.15452576
0.2914734,9.8927765,0.11567688
0.33839417,9.897812,0.07563782
0.34957886,9.874786,0.1177063
0.36761475,9.854721,0.17674255
0.3419037,9.8396,0.22949219
0.31462097,9.875244,0.26490784
0.29187012,9.890961,0.253479
0.30786133,9.864273,0.23364258
0.3187561,9.8606415,0.19467163
0.32000732,9.883621,0.17402649
0.32539368,9.891525,0.18183899
0.317688,9.87764,0.18704224
0.3236084,9.87178,0.21376038
0.30995178,9.870087,0.21768188
0.26992798,9.874466,0.15238953
0.24186707,9.912811,0.115615845
0.25872803,9.893967,0.1254425
0.27441406,9.897675,0.11538696
0.32647705,9.922546,0.16932678
0.29115295,9.910782,0.16799927
0.24324036,9.910706,0.1483612
0.26641846,9.886322,0.14508057
0.2843933,9.853088,0.16732788
0.28181458,9.860901,0.13302612
0.25602722,9.880081,0.0796051
0.23074341,9.922897,0.054275513
0.22485352,9.901993,0.09033203
0.21398926,9.887909,0.03933716
0.07362366,9.891037,0.0539093
0.2036438,9.952942,0.029754639
0.17655945,9.855957,0.073410034
0.27946472,9.861908,0.14483643
0.2650299,9.862228,0.1083374
0.36532593,9.86734,0.23155212
0.33148193,9.876709,0.21206665
0.27978516,9.888535,0.21751404
0.3451233,9.867752,0.16378784
0.35995483,9.8927765,0.27786255
0.39231873,9.86496,0.18544006
0.25050354,9.821915,0.21298218
0.29333496,9.867752,0.15745544
0.31298828,9.865952,0.13140869
0.3250122,9.873123,0.2565918
0.32948303,9.875549,0.25201416
0.27900696,9.878235,0.2914276
0.30796814,9.885727,0.12237549
0.3143463,9.89212,0.1609497
0.3874054,9.871231,0.14341736
0.27589417,9.891388,0.23408508
0.26223755,9.869629,0.16752625
0.32406616,9.873718,0.21536255
0.288208,9.917618,0.2651825
0.22673035,9.887802,0.18727112
0.33132935,9.894257,0.19386292
0.28379822,9.854431,0.1761322
0.23753357,9.901093,0.12641907
0.27108765,9.913574,0.13134766
0.20600891,9.886246,0.18165588
0.19520569,9.874664,0.17993164
0.2644806,9.891373,0.16223145
0.23822021,9.886597,0.15708923
0.24624634,9.885437,0.16870117
#,#,#
0.34700012,9.879623,0.24668884
0.35202026,9.875076,0.22337341
0.35661316,9.859619,0.23297119
0.32588196,9.858093,0.28701782
0.32492065,9.874176,0.25753784
0.3265381,9.87738,0.21095276
0.32518005,9.864761,0.17669678
0.2712555,9.864731,0.20204163
0.29103088,9.874512,0.2077179
0.3282013,9.882584,0.22131348
0.32437134,9.894424,0.2374878
0.2779541,9.886353,0.2177124
0.27731323,9.881485,0.25222778
0.34614563,9.897507,0.22436523
0.27694702,9.871277,0.15710449
0.23057556,9.880615,0.14776611
0.29685974,9.898422,0.18792725
0.30311584,9.87355,0.20198059
0.3030548,9.876022,0.23268127
0.29286194,9.89447,0.21835327
0.3423462,9.883591,0.1842041
0.35935974,9.8511505,0.30381775
0.3035736,9.871216,0.25628662
0.32395935,9.867172,0.24868774
0.35908508,9.836884,0.33624268
0.30111694,9.837982,0.2498169
0.30859375,9.851654,0.27352905
0.37202454,9.8377075,0.38284302
0.33822632,9.878693,0.26635742
0.35520935,9.891296,0.30644226
0.3581543,9.855484,0.2579193
0.32521057,9.90213,0.28276062
0.3447113,9.837326,0.29647827
0.33250427,9.823425,0.2949524
0.36860657,9.926132,0.3360901
0.3558197,9.847153,0.29501343
0.27885437,9.858994,0.2632599
0.21350098,9.878845,0.2002716
0.4576416,9.833572,0.29864502
0.35159302,9.810425,0.31732178
0.2971344,9.875641,0.19624329
0.38909912,9.935593,0.26280212
0.4026184,9.956879,0.23529053
0.46981812,9.905731,0.27694702
0.28082275,9.896606,0.3321991
0.46585083,9.864685,0.40808105
0.35057068,9.850403,0.27742004
0.32780457,9.864456,0.3219757
0.2716217,9.8497925,0.4086151
0.33795166,9.841461,0.33084106
0.2955017,9.905487,0.31004333
0.38850403,9.880615,0.34794617
0.41438293,9.870575,0.36410522
0.38909912,9.864685,0.33265686
0.35958862,9.865402,0.37843323
0.3050537,9.85817,0.3327179
0.3720398,9.868591,0.3358307
0.41781616,9.829407,0.38456726
0.30526733,9.820663,0.34153748
0.3089447,9.807053,0.33447266
0.36306763,9.8350525,0.2748108
0.35221863,9.871323,0.2394104
0.3887024,9.907349,0.30078125
0.39675903,9.906509,0.31985474
0.37120056,9.917206,0.29380798
0.37646484,9.905243,0.37857056
0.42137146,9.868637,0.4297943
0.2720337,9.865402,0.24075317
0.2554779,9.870682,0.16705322
0.40785217,9.89888,0.25112915
0.292511,9.874512,0.21655273
0.37667847,9.851364,0.20158386
0.22315979,9.840179,0.23544312
0.447464,9.829422,0.31384277
0.43545532,9.821335,0.24658203
0.3887329,9.861511,0.31098938
0.36553955,9.876785,0.36595154
0.29953003,9.852646,0.32131958
0.34199524,9.846252,0.31144714
0.3391266,9.86882,0.2828064
0.32633972,9.88855,0.314682
0.26931763,9.842331,0.2722168
0.3046875,9.841949,0.3413086
0.33927917,9.838501,0.26522827
0.3418274,9.855713,0.27989197
0.44555664,9.842117,0.33946228
0.26783752,9.865143,0.33029175
0.41278076,9.863968,0.30004883
0.4717102,9.832474,0.33717346
0.34875488,9.834702,0.26808167
0.46524048,9.841843,0.3991394
0.46536255,9.867783,0.39736938
0.35110474,9.863541,0.40197754
0.37620544,9.857132,0.402359
0.3305359,9.890411,0.30621338
0.3581543,9.843185,0.28398132
0.36209106,9.864029,0.16165161
0.40289307,9.872116,0.07501221
0.27693176,9.883118,0.1697998
0.3109436,9.851517,0.19848633
0.2902527,9.880966,0.19180298
0.35990906,9.862793,0.21710205
0.3614502,9.890457,0.2989502
0.29922485,9.866806,0.2879486
0.4215393,9.888184,0.22384644
0.39823914,9.8776245,0.25602722
0.40255737,9.863495,0.24205017
0.45074463,9.857483,0.33007813
0.4666748,9.8146515,0.3520813
0.45669556,9.807816,0.37277222
0.45562744,9.83989,0.3474579
0.4915619,9.851578,0.43144226
0.53907776,9.819717,0.45846558
0.49790955,9.827637,0.42585754
0.48254395,9.8497925,0.42578125
0.5217285,9.861328,0.38923645
0.5325775,9.877548,0.41809082
0.5115051,9.851715,0.4274292
0.5115509,9.843246,0.44566345
0.493927,9.846344,0.44657898
0.47381592,9.8454895,0.38438416
0.4508667,9.828278,0.36024475
0.41851807,9.832153,0.31015015
0.38604736,9.838806,0.25697327
0.39546204,9.823608,0.26184082
0.42184448,9.847031,0.31733704
0.44050598,9.864014,0.3510437
0.47843933,9.868835,0.34321594
0.51519775,9.863129,0.35281372
0.4998932,9.852554,0.41749573
0.44197083,9.83168,0.40570068
0.38235474,9.862396,0.3050232
0.40394592,9.868423,0.295578
0.3940735,9.875641,0.31196594
0.40730286,9.839539,0.27856445
0.43695068,9.861588,0.27172852
0.46232605,9.867508,0.27529907
0.37731934,9.850861,0.31158447
0.34373474,9.84108,0.23803711
0.371109,9.85553,0.26016235
0.40138245,9.876923,0.3009491
0.42222595,9.855499,0.2923584
0.45854187,9.85585,0.29432678
0.48657227,9.858551,0.36161804
0.47813416,9.874069,0.41018677
0.46598816,9.839676,0.37141418
0.39265442,9.862305,0.38453674
0.51153564,9.89357,0.4199829
0.5035553,9.82901,0.41635132
0.44384766,9.830704,0.39849854
#,#,#
0.44439697,9.876968,0.29397583
0.46548462,9.841232,0.26138306
0.41835022,9.822647,0.37132263
0.46746826,9.854553,0.41078186
0.45948792,9.860687,0.37457275
0.41194153,9.854904,0.39274597
0.48606873,9.836685,0.44889832
0.5777588,9.814301,0.41477966
0.32063293,9.883621,0.5289612
0.50808716,9.799484,0.48765564
0.38284302,9.826416,0.36573792
0.45806885,9.82135,0.42889404
0.35491943,9.8858795,0.24015808
0.29803467,9.871948,0.23161316
0.31259155,9.874695,0.31018066
0.37236023,9.838425,0.29948425
0.4041748,9.854141,0.31147766
0.34725952,9.862183,0.31900024
0.33499146,9.859283,0.42045593
0.4280243,9.874435,0.42433167
0.36050415,9.8346405,0.39213562
0.30862427,9.815765,0.39387512
0.3872528,9.828247,0.47055054
0.49064636,9.825455,0.49127197
0.3839264,9.843277,0.43421936
0.39900208,9.860474,0.40286255
0.45968628,9.841415,0.43193054
0.40715027,9.866989,0.47929382
0.3406067,9.873047,0.5230408
0.43310547,9.840836,0.526886
0.47026062,9.842361,0.5417023
0.42118835,9.828262,0.5527191
0.4768982,9.834061,0.46569824
0.38720703,9.848312,0.4519043
0.3792572,9.837387,0.55226135
0.43107605,9.834763,0.55462646
0.4147644,9.823288,0.56643677
0.3463745,9.830368,0.4857788
0.3555298,9.806076,0.44262695
0.3690338,9.846359,0.4533081
0.4912567,9.802139,0.42713928
0.47964478,9.827744,0.432312
0.5206146,9.871811,0.39215088
0.565155,9.850372,0.44714355
0.6372223,9.836395,0.47769165
0.32791138,9.833023,0.4805298
0.38059998,9.850418,0.5062866
0.48660278,9.878265,0.34172058
0.40766907,9.868057,0.45874023
0.4570465,9.865921,0.43208313
0.5232239,9.846588,0.46658325
0.41134644,9.855438,0.355011
0.4189148,9.836227,0.41656494
0.4086914,9.855377,0.40742493
0.44285583,9.849442,0.3789673
0.4059906,9.853989,0.46569824
0.4482727,9.861069,0.44473267
0.37419128,9.841873,0.41981506
0.44259644,9.8342285,0.3791809
0.4657898,9.868042,0.50161743
0.44563293,9.83226,0.42630005
0.5088806,9.856155,0.40460205
0.38493347,9.852112,0.40376282
0.40907288,9.8364105,0.37617493
0.41384888,9.8337555,0.34829712
0.40576172,9.850052,0.36506653
0.4126892,9.83194,0.41778564
0.42271423,9.84906,0.41142273
0.34944153,9.878067,0.38661194
0.39082336,9.854584,0.3471527
0.44847107,9.847153,0.41586304
0.48257446,9.815491,0.36273193
0.4353943,9.807205,0.15437317
0.40060425,9.817734,0.42356873
0.461792,9.813492,0.40156555
0.42929077,9.8216095,0.38523865
0.4402771,9.821808,0.40298462
0.4038849,9.820175,0.4151764
0.4192505,9.838745,0.46694946
0.4278717,9.848419,0.4116974
0.38917542,9.844772,0.38433838
0.41563416,9.833664,0.31851196
0.4248047,9.844971,0.23710632
0.46266174,9.857544,0.28741455
0.43772888,9.86116,0.33892822
0.4403534,9.865997,0.4657898
0.55441284,9.842758,0.6651306
0.37702942,9.799591,0.6751251
0.06210327,9.816742,0.6264343
0.37156677,9.826569,0.5443573
0.4462738,9.828949,0.43606567
0.36192322,9.846252,0.26031494
0.3639984,9.859268,0.245224
0.47097778,9.83844,0.4123993
0.57455444,9.814178,0.48138428
0.6402588,9.841965,0.45637512
0.6127167,9.8359375,0.4942627
0.6268463,9.839996,0.51039124
0.74087524,9.817688,0.5180359
0.6525879,9.785095,0.4790802
0.6617584,9.820648,0.44950867
0.69377136,9.830688,0.42008972
0.80552673,9.816589,0.41000366
0.9308014,9.80957,0.25613403
0.61247253,9.788406,0.40522766
0.66555786,9.826431,0.43737793
0.5424347,9.864273,0.40600586
0.6152649,9.807968,0.2813263
0.6335602,9.878754,0.24885559
0.47531128,9.835709,0.32113647
0.57699585,9.818909,0.25968933
0.49369812,9.860092,0.33338928
0.55052185,9.820984,0.31878662
0.5863037,9.894028,0.26911926
0.5502167,9.851196,0.30697632
0.4521637,9.838425,0.2401123
0.4788208,9.860092,0.2901001
0.50219727,9.845062,0.28971863
0.49777222,9.852097,0.27876282
0.5682373,9.859543,0.21554565
0.494812,9.877319,0.20236206
0.4469757,9.84964,0.24920654
0.4714203,9.876999,0.16500854
0.4491577,9.866852,0.15083313
0.47045898,9.850891,0.18331909
0.4613037,9.886032,0.2559662
0.46429443,9.860382,0.2428894
0.47859192,9.860199,0.15937805
0.44210815,9.829605,0.23661804
0.43966675,9.844788,0.20576477
0.40223694,9.850067,0.17092896
0.3555298,9.860565,0.18756104
0.41078186,9.853973,0.20742798
0.47625732,9.885345,0.20402527
0.5244446,9.860397,0.2537384
0.5676422,9.834503,0.30767822
0.54325867,9.831406,0.28970337
0.49319458,9.850952,0.2687378
0.5093384,9.87767,0.23773193
0.4955902,9.844696,0.22657776
0.43051147,9.853119,0.17340088
0.40345764,9.870529,0.13182068
0.42158508,9.871399,0.13175964
0.43597412,9.874496,0.14346313
0.42025757,9.883423,0.1928711
0.42530823,9.889648,0.18096924
0.3779297,9.8797455,0.13978577
0.33143616,9.874908,0.08509827
0.42965698,9.892471,0.10823059
0.38723755,9.876236,0.15093994
#,#,#
0.44265747,9.897522,0.09988403
0.4370575,9.885132,0.14559937
0.48953247,9.880646,0.12745667
0.40385437,9.886658,0.11125183
0.4255371,9.880356,0.14884949
0.45457458,9.86525,0.20103455
0.3898468,9.833694,0.14256287
0.40930176,9.853485,0.10054016
0.31492615,9.86879,0.06434631
0.35746765,9.858963,0.08026123
0.388443,9.862396,0.08139038
0.43833923,9.859451,0.17030334
0.5168762,9.883713,0.20199585
0.4529419,9.887344,0.079330444
0.48484802,9.829071,0.15460205
0.55989075,9.825287,0.2325592
0.41249084,9.843414,0.11868286
0.3461914,9.8216095,0.13902283
0.41374207,9.916183,0.20071411
0.590744,9.877975,0.13801575
0.40769958,9.872787,0.20722961
0.5468445,9.854813,0.23686218
0.5593872,9.878052,0.21026611
0.4416046,9.880981,0.1867981
0.38000488,9.860977,0.19515991
0.4083252,9.876923,0.07701111
0.39413452,9.817078,0.1395874
0.42619324,9.891418,0.07344055
0.4190216,9.888809,0.1053772
0.48649597,9.894791,0.13008118
0.46888733,9.884033,0.15234375
0.48937988,9.883652,0.11445618
0.46488953,9.887192,0.124923706
0.44081116,9.8493805,0.14111328
0.43504333,9.848007,0.086013794
0.4086914,9.88829,0.080581665
0.41107178,9.89473,0.15142822
0.3835907,9.889725,0.12374878
0.3938141,9.8802185,0.1290741
0.41262817,9.872879,0.09844971
0.40249634,9.890091,0.072509766
0.4083557,9.883499,0.06549072
0.38562012,9.884003,0.08015442
0.3123932,9.888565,0.05392456
0.2997284,9.885376,0.016189575
0.37571716,9.884811,0.04815674
0.45367432,9.881409,0.12312317
0.48750305,9.842468,0.13574219
0.4719391,9.855621,0.09579468
0.44407654,9.887451,0.068496704
0.46147156,9.888428,0.08972168
0.44047546,9.891327,0.123550415
0.38638306,9.879349,0.12475586
0.37664795,9.864029,0.03215027
0.39163208,9.886002,0.06996155
0.45483398,9.876083,0.1020813
0.37631226,9.862701,0.06686401
0.37039185,9.847794,0.07728577
0.39208984,9.870712,0.07473755
0.42778015,9.873184,0.011550903
0.35935974,9.849335,0.0067596436
0.4379425,9.873749,0.04386902
0.40678406,9.912018,0.02015686
0.6083069,9.891281,0.06430054
0.45770264,9.865585,0.07875061
0.5373688,9.834259,0.16661072
0.46784973,9.880859,0.16418457
0.17521667,9.886078,0.07086182
0.56144714,9.909546,0.26966858
0.4805603,9.930328,0.08369446
0.3302765,9.917618,0.013885498
0.50460815,9.861496,0.046218872
0.4536438,9.836426,0.10734558
0.49378967,9.898239,0.116104126
0.37535095,9.830933,0.07757568
0.49015808,9.881989,0.06645203
0.5235901,9.877563,0.10195923
0.34980774,9.8403015,0.085998535
0.51934814,9.866257,0.0020141602
0.44396973,9.819504,0.05987549
0.4507599,9.883163,0.06954956
0.5091858,9.91658,0.052703857
0.5101013,9.8719635,0.07707214
0.44198608,9.836487,0.04244995
0.53845215,9.807007,0.14112854
0.45176697,9.859329,0.08363342
0.53105164,9.883652,0.11720276
0.5773468,9.817764,0.12609863
0.5261841,9.846802,0.06384277
0.5398102,9.878204,0.087768555
0.51885986,9.848694,0.10321045
0.5156708,9.881058,0.06700134
0.45022583,9.906998,0.0644989
0.44839478,9.919632,0.18373108
0.39570618,9.878311,0.18971252
0.470932,9.859634,-0.0104522705
0.4863739,9.871521,0.062805176
0.48602295,9.875717,0.111831665
0.5018921,9.86998,0.085494995
0.47229004,9.855957,0.085357666
0.4180603,9.863831,0.044662476
0.43318176,9.893875,0.070388794
0.51042175,9.885757,0.06010437
0.54681396,9.8580475,0.13641357
0.5188751,9.882553,0.15222168
0.5316162,9.867538,0.07600403
0.4986267,9.858292,0.013061523
0.49971008,9.868301,0.07086182
0.5414429,9.872284,0.16247559
0.5345764,9.879547,0.1864624
0.5552826,9.881149,0.17964172
0.5488281,9.852219,0.14900208
0.53733826,9.854752,0.11256409
0.5640106,9.851883,0.15582275
0.50364685,9.841293,0.12945557
0.4971466,9.831528,0.11026001
0.5256195,9.854721,0.13749695
0.5457001,9.876251,0.17141724
0.43623352,9.887253,0.08883667
0.5281372,9.916824,0.12188721
0.5421448,9.865997,0.12210083
0.5437622,9.858719,0.1655426
0.56744385,9.841827,0.18016052
0.5029907,9.890884,0.089401245
0.53948975,9.903641,0.16390991
0.5444641,9.879303,0.18678284
0.53959656,9.858566,0.20883179
0.57333374,9.873535,0.23083496
0.53549194,9.84256,0.18914795
0.49195862,9.857483,0.10102844
0.470932,9.8224945,0.13798523
0.49772644,9.822998,0.098587036
0.54325867,9.870087,0.1560669
0.5510254,9.849472,0.24243164
0.56565857,9.900848,0.22494507
0.57870483,9.869934,0.18939209
0.50946045,9.856369,0.17199707
0.4867859,9.892288,0.15232849
0.44154358,9.889404,0.17901611
0.7819214,9.84787,0.13226318
0.6709595,9.90834,0.08274841
0.4621582,9.874451,0.16778564
0.6152191,9.883377,0.09887695
0.5710602,9.878754,0.086257935
0.5673523,9.844437,0.20257568
0.50141907,9.860962,0.17584229
0.55633545,9.855011,0.16795349
0.59620667,9.870102,0.15567017
0.5963745,9.87883,0.19052124
0.56085205,9.869675,0.18721008
#,#,#
0.59877014,9.870865,0.18722534
0.5756378,9.875168,0.14471436
0.58924866,9.898514,0.1736908
0.55426025,9.906387,0.21305847
0.6114044,9.876129,0.23120117
0.59742737,9.836624,0.20866394
0.59780884,9.852066,0.17822266
0.57444763,9.856354,0.18026733
0.58029175,9.873306,0.19355774
0.56762695,9.874893,0.2133789
0.55937195,9.844254,0.15266418
0.57247925,9.85495,0.09361267
0.56666565,9.848129,0.1373291
0.56970215,9.808792,0.16394043
0.5639343,9.838837,0.1730957
0.564209,9.8581085,0.16300964
0.5848541,9.877838,0.16789246
0.5726013,9.8858185,0.20368958
0.5645752,9.860992,0.21722412
0.6018219,9.85379,0.19813538
0.6386719,9.867294,0.2344513
0.57540894,9.877823,0.24008179
0.59957886,9.873657,0.21914673
0.59851074,9.86731,0.23413086
0.6073456,9.831436,0.26145935
0.5675812,9.821838,0.23869324
0.56359863,9.857376,0.22460938
0.5953369,9.836884,0.16433716
0.58255005,9.875061,0.1605072
0.6099701,9.868027,0.21221924
0.54841614,9.8220215,0.22148132
0.5889435,9.823669,0.20690918
0.63764954,9.850128,0.17355347
0.6060486,9.889664,0.23580933
0.59880066,9.890198,0.20637512
0.57447815,9.841553,0.21078491
0.48980713,9.864136,0.23387146
0.5726166,9.841003,0.16741943
0.6974945,9.899902,0.19403076
0.55703735,9.896896,0.22084045
0.5010071,9.842346,0.1186676
0.5067444,9.87291,0.11206055
0.5543823,9.866119,0.13600159
0.5245056,9.87001,0.14727783
0.52297974,9.85878,0.11135864
0.55656433,9.857468,0.1741333
0.52030945,9.845825,0.22367859
0.536026,9.854584,0.19465637
0.5164337,9.846313,0.22850037
0.61079407,9.867996,0.15647888
0.55096436,9.862076,0.18318176
0.51112366,9.893173,0.11569214
0.5698395,9.879471,0.21980286
0.5571747,9.908569,0.15809631
0.5438385,9.874802,0.19139099
0.5322418,9.875504,0.17816162
0.5281067,9.833191,0.22183228
0.54785156,9.877487,0.20541382
0.5401764,9.916901,0.19384766
0.55656433,9.899475,0.14091492
0.5778198,9.886124,0.15692139
0.5164032,9.876404,0.20788574
0.5407562,9.838425,0.22473145
0.5567932,9.84816,0.18244934
0.55506897,9.871689,0.22602844
0.5487976,9.88147,0.2532959
0.55044556,9.873505,0.15977478
0.53915405,9.87558,0.12382507
0.55685425,9.873123,0.18884277
0.5893707,9.865295,0.27702332
0.5631561,9.879913,0.29725647
0.5674591,9.85582,0.22459412
0.5500488,9.857254,0.2048645
0.52671814,9.877594,0.21929932
0.56518555,9.869751,0.20491028
0.56073,9.886169,0.23847961
0.46871948,9.866684,0.23049927
0.4838562,9.868637,0.20222473
0.5327606,9.888153,0.16543579
0.5267334,9.867584,0.20196533
0.5250397,9.858063,0.23588562
0.5167999,9.865677,0.22459412
0.53219604,9.838425,0.18003845
0.48686218,9.867416,0.22750854
0.48292542,9.856247,0.13301086
0.46218872,9.87941,0.10533142
0.45961,9.866043,0.10874939
0.5038452,9.890701,0.1742096
0.48472595,9.8647,0.15960693
0.45492554,9.877243,0.14006042
0.41958618,9.8446045,0.15660095
0.4731903,9.8268585,0.17849731
0.4991455,9.864655,0.18714905
0.52093506,9.870514,0.16555786
0.54048157,9.879715,0.134552
0.4401245,9.854874,0.22509766
0.48854065,9.825729,0.15753174
0.4819641,9.863571,0.20437622
0.4948883,9.877655,0.18469238
0.43856812,9.870941,0.15487671
0.4890747,9.878937,0.17033386
0.53082275,9.895584,0.23866272
0.5114136,9.853775,0.19917297
0.4552765,9.876205,0.25732422
0.5024414,9.880493,0.1809082
0.4482727,9.865921,0.16906738
0.45462036,9.861603,0.18223572
0.43466187,9.844452,0.1530304
0.48464966,9.877991,0.10043335
0.5067291,9.919846,0.14494324
0.50016785,9.884552,0.19735718
0.47113037,9.865326,0.2052002
0.5050354,9.869843,0.1465149
0.5066986,9.882629,0.14045715
0.46569824,9.87709,0.13302612
0.4648285,9.886032,0.12466431
0.39331055,9.867416,0.16773987
0.42059326,9.857239,0.12042236
0.47227478,9.873611,0.07722473
0.50387573,9.881744,0.12919617
0.43971252,9.8684845,0.2016449
0.5479584,9.882629,0.17308044
0.5093994,9.868866,0.16830444
0.45587158,9.861359,0.21846008
0.4866333,9.872284,0.16627502
0.43562317,9.878006,0.10826111
0.44656372,9.882858,0.08035278
0.43400574,9.875519,0.08894348
0.47261047,9.8667145,0.11048889
0.4738922,9.870102,0.15286255
0.47042847,9.885162,0.14550781
0.4645996,9.87233,0.15740967
0.45166016,9.874405,0.17080688
0.4776001,9.87236,0.1660614
0.45980835,9.858917,0.14559937
0.42486572,9.854813,0.069732666
0.37451172,9.88826,0.055725098
0.3674469,9.910675,0.028945923
0.37583923,9.875992,0.031051636
0.35118103,9.901016,-0.0107421875
0.31289673,9.885529,0.06762695
0.43772888,9.862549,0.092315674
0.4584198,9.841904,0.12200928
0.4724884,9.860306,0.1401825
0.4693451,9.908905,0.19918823
0.4716339,9.836456,0.2275238
0.4805603,9.867554,0.15315247
0.4590454,9.8754425,0.17965698
0.4705963,9.898773,0.115371704
0.46374512,9.901627,0.115478516
#,#,#
0.41215515,9.866333,0.09208679
0.29299927,9.854507,0.063064575
0.5455475,9.8471985,0.17510986
0.31806946,9.88649,0.015151978
0.45765686,9.868362,0.15396118
0.53512573,9.868607,0.099823
0.43408203,9.889801,0.110824585
0.5581665,9.893036,0.15879822
0.46002197,9.9062195,0.19139099
0.3619995,9.841553,0.1164093
0.45477295,9.8832245,0.18739319
0.45046997,9.852539,0.12138367
0.47705078,9.888626,0.12901306
0.4440155,9.850159,0.16247559
0.4245453,9.855667,0.14086914
0.40293884,9.915131,0.07449341
0.44187927,9.885559,0.070236206
0.4001007,9.863327,0.087265015
0.49383545,9.867798,0.11723328
0.47654724,9.862473,0.09817505
0.4093933,9.867783,0.12176514
0.40634155,9.869415,0.11578369
0.49342346,9.90564,0.09062195
0.41714478,9.90715,0.07902527
0.37657166,9.910187,0.09289551
0.43928528,9.902267,0.08428955
0.42900085,9.895599,0.056747437
0.43478394,9.874496,0.10345459
0.42518616,9.861557,0.108184814
0.3995514,9.885773,0.059936523
0.4260254,9.885193,0.098526
0.45977783,9.857056,0.09182739
0.45906067,9.866425,0.09553528
0.4592743,9.86702,0.12214661
0.4658966,9.837036,0.13995361
0.45899963,9.853317,0.16978455
0.46929932,9.86113,0.12261963
0.45726013,9.84343,0.13421631
0.45167542,9.859894,0.16297913
0.46090698,9.88414,0.17555237
0.51634216,9.879272,0.21284485
0.42663574,9.8515625,0.18762207
0.42578125,9.868042,0.16236877
0.48960876,9.877731,0.13731384
0.4369049,9.892044,0.09263611
0.4643402,9.914566,0.059524536
0.41305542,9.859299,0.05908203
0.45321655,9.873306,0.031036377
0.43618774,9.872086,0.09465027
0.48110962,9.870178,0.12948608
0.40963745,9.901459,0.0945282
0.46923828,9.90094,0.122528076
0.46063232,9.881195,0.17874146
0.4618683,9.8737335,0.14286804
0.4150238,9.889694,0.10417175
0.43785095,9.889969,0.12727356
0.4955597,9.870239,0.16523743
0.5648804,9.912369,0.15548706
0.4503479,9.884293,0.23344421
0.54042053,9.8871765,0.27912903
0.44360352,9.868698,0.05683899
0.5129242,9.846878,0.15686035
0.62179565,9.857407,0.28128052
0.46691895,9.909027,0.06867981
0.51608276,9.846741,0.14157104
0.48944092,9.887878,0.16886902
0.5343628,9.862366,0.17651367
0.5726166,9.870926,0.2358551
0.46098328,9.833176,0.22312927
0.51460266,9.839294,0.1131134
0.515625,9.857132,0.17785645
0.5286102,9.881989,0.15911865
0.4557495,9.859604,0.1869812
0.45376587,9.876511,0.119384766
0.45051575,9.885422,0.14497375
0.4840393,9.870682,0.15805054
0.52630615,9.871307,0.15673828
0.48162842,9.861023,0.17295837
0.4761963,9.84285,0.15220642
0.5115509,9.874542,0.17733765
0.5410309,9.880966,0.18084717
0.45646667,9.879059,0.1290741
0.47509766,9.888748,0.13496399
0.49090576,9.899612,0.16815186
0.4720459,9.862213,0.18902588
0.5011749,9.873016,0.20593262
0.48634338,9.867798,0.2264862
0.4635315,9.898819,0.16978455
0.4857788,9.896912,0.15420532
0.50102234,9.86026,0.15167236
0.48051453,9.8372345,0.15786743
0.4741516,9.840347,0.21487427
0.48820496,9.847733,0.20179749
0.48608398,9.860565,0.12138367
0.47917175,9.867554,0.13708496
0.4884796,9.881912,0.17756653
0.50349426,9.878464,0.17556763
0.5006256,9.877274,0.21725464
0.49467468,9.850235,0.18721008
0.50331116,9.816772,0.2129364
0.4951172,9.846115,0.22627258
0.45742798,9.863541,0.17539978
0.48309326,9.841339,0.19093323
0.48460388,9.879791,0.17993164
0.45985413,9.828842,0.17466736
0.45703125,9.859528,0.16851807
0.4337616,9.877304,0.1401062
0.46180725,9.891281,0.054122925
0.481781,9.86705,0.098098755
0.42036438,9.903122,0.06561279
0.39378357,9.876282,0.052734375
0.44795227,9.885315,0.070892334
0.41729736,9.889465,0.103393555
0.43684387,9.900604,0.17214966
0.43685913,9.875015,0.17158508
0.4614563,9.897812,0.16433716
0.41934204,9.844238,0.095184326
0.46920776,9.879593,0.13471985
0.44863892,9.887329,0.07122803
0.4207611,9.85405,0.010696411
0.46255493,9.857666,0.10484314
0.3926239,9.892105,0.17817688
0.46037292,9.892441,0.13143921
0.47694397,9.89563,0.11404419
0.35604858,9.880096,0.12852478
0.4142456,9.862534,0.019577026
0.39100647,9.883743,-0.020248413
0.46388245,9.84761,0.115875244
0.25035095,9.857864,0.06575012
0.34230042,9.890076,-0.00680542
0.508728,9.899612,0.116867065
0.49020386,9.895355,0.09819031
0.383255,9.908127,0.12399292
0.38531494,9.89975,0.021774292
0.42333984,9.87323,-0.008926392
0.38580322,9.906158,0.07609558
0.40423584,9.9088745,0.075653076
0.3824768,9.887894,0.05722046
0.33615112,9.84967,0.0054473877
0.30122375,9.865051,-0.010040283
0.3134613,9.91626,-0.01965332
0.3999176,9.92067,0.029769897
0.43559265,9.905594,0.0062713623
0.37475586,9.913223,-0.02420044
0.30197144,9.9133,0.05419922
0.34379578,9.8763275,0.07873535
0.43341064,9.909561,0.0034942627
0.4499817,9.89357,0.03276062
0.32292175,9.886826,0.03564453
0.31729126,9.883194,0.0036010742
#,#,#
0.34828186,9.8888855,0.009521484
0.36140442,9.888229,-0.024368286
0.35855103,9.885483,0.005554199
0.3105774,9.892441,0.021942139
0.39715576,9.87915,0.006210327
0.41934204,9.869949,0.04168701
0.43206787,9.884232,0.04725647
0.438797,9.905182,-0.03831482
0.3420868,9.912811,-0.06738281
0.3687744,9.920395,-0.059402466
0.33572388,9.901901,-0.04685974
0.32972717,9.865631,-0.028717041
0.3361969,9.910095,0.0018157959
0.39694214,9.92543,0.0129852295
0.32185364,9.880875,-0.02670288
0.29312134,9.912109,-0.05770874
0.3357849,9.870331,-0.02394104
0.30877686,9.89418,-0.08300781
0.27192688,9.869873,-0.08683777
0.25057983,9.910812,-0.10095215
0.13746643,9.924622,-0.20075989
0.32940674,9.883209,-0.054260254
0.29859924,9.925461,-0.13140869
0.2685852,9.858643,-0.08294678
0.39442444,9.882202,-0.006134033
0.24888611,9.906403,-0.024597168
0.3197937,9.913467,-0.17015076
0.30915833,9.91069,-0.10758972
0.3330078,9.900177,-0.16674805
0.308609,9.913452,-0.08905029
0.28457642,9.880844,-0.15567017
0.2932434,9.864059,-0.13653564
0.35153198,9.869232,-0.12294006
0.37193298,9.876495,-0.12980652
0.29866028,9.885651,-0.11824036
0.36180115,9.900772,-0.10154724
0.36296082,9.9006195,-0.105529785
0.3360443,9.915909,-0.09371948
0.32673645,9.909149,-0.0771637
0.39872742,9.87471,-0.07110596
0.40385437,9.84433,-0.06298828
0.31802368,9.866257,-0.055725098
0.35116577,9.870163,-0.06535339
0.43148804,9.871887,-0.024307251
0.41929626,9.880066,0.0063323975
0.42718506,9.884918,0.020996094
0.40596008,9.916306,-0.022949219
0.38027954,9.893143,-0.008590698
0.38357544,9.889282,0.021011353
0.37739563,9.866882,0.018692017
0.39489746,9.8452,-0.02116394
0.38095093,9.86879,-0.0079193115
0.38557434,9.877823,0.02758789
0.39875793,9.882523,0.014343262
0.36724854,9.887344,-0.04499817
0.37379456,9.879791,-0.0778656
0.37802124,9.88736,-0.040908813
0.34277344,9.860306,-0.023544312
0.35350037,9.855133,-0.052612305
0.32821655,9.881607,-0.026062012
0.33106995,9.862274,-0.0061950684
0.34797668,9.881683,-0.04310608
0.31817627,9.898499,-0.034118652
0.3466339,9.866425,0.017486572
0.36439514,9.881088,-0.005508423
0.36457825,9.899506,0.046295166
0.39793396,9.894745,0.022613525
0.38046265,9.86911,0.017990112
0.3862915,9.880997,-0.028823853
0.40074158,9.887344,-0.026992798
0.38259888,9.885452,0.016052246
0.37719727,9.861816,0.02973938
0.32795715,9.860336,-0.040252686
0.3116455,9.875229,-0.08119202
0.27153015,9.863449,0.012557983
0.2736969,9.859055,-0.065979004
0.40301514,9.87587,-0.05961609
0.38046265,9.915009,0.04321289
0.37049866,9.889282,0.043151855
0.5187073,9.909866,0.10336304
0.41900635,9.881226,0.04928589
0.4223175,9.866119,0.052001953
0.5006714,9.901627,0.13505554
0.402771,9.90271,0.024307251
0.479187,9.848236,0.059570313
0.46658325,9.883362,0.0667572
0.40986633,9.896683,0.038238525
0.4343109,9.891678,0.1003418
0.4560547,9.866364,0.05895996
0.44508362,9.887314,0.05532837
0.48703003,9.872391,0.05177307
0.4844818,9.879898,0.09024048
0.46754456,9.863007,0.0790863
0.49473572,9.859787,0.083496094
0.46949768,9.898499,0.08644104
0.47206116,9.888992,0.08242798
0.49084473,9.897446,0.063964844
0.49699402,9.9114685,0.0974884
0.46055603,9.909149,0.12722778
0.4337921,9.873337,0.12159729
0.4743042,9.879623,0.11451721
0.47103882,9.864258,0.09185791
0.49365234,9.852127,0.08569336
0.4784088,9.863144,0.075164795
0.42793274,9.891693,0.0869751
0.42292786,9.878571,0.015731812
0.48501587,9.876053,-0.018371582
0.4731903,9.875961,0.005264282
0.4564209,9.87204,0.059829712
0.45195007,9.903366,0.07695007
0.4203186,9.917114,0.040222168
0.4320984,9.904953,0.017120361
0.45550537,9.899384,0.055221558
0.46307373,9.891159,0.017105103
0.47724915,9.896057,-0.014907837
0.43803406,9.891083,0.020935059
0.43963623,9.894516,0.017288208
0.46313477,9.884766,0.06340027
0.49499512,9.882172,0.055404663
0.49179077,9.873306,0.022125244
0.46749878,9.888367,0.011550903
0.42103577,9.89595,-0.053253174
0.46220398,9.875992,-0.059387207
0.45895386,9.892563,-0.019088745
0.44682312,9.906937,-0.03933716
0.44802856,9.883408,0.016738892
0.43748474,9.884705,0.019256592
0.44380188,9.853226,0.0064086914
0.46365356,9.89679,0.045135498
0.4716034,9.9048,0.04850769
0.46836853,9.897934,-0.0032043457
0.49856567,9.909225,0.029037476
0.46759033,9.8880005,0.037506104
0.40925598,9.902115,0.012039185
0.37713623,9.906189,-0.019210815
0.37257385,9.9019165,-0.055145264
0.41555786,9.874374,-0.10055542
0.44540405,9.900803,-0.07028198
0.4225769,9.908707,-0.014953613
0.47406006,9.901581,0.008529663
0.3577881,9.894974,-0.103256226
0.5235901,9.91333,-0.033462524
0.49145508,9.906387,0.025299072
0.4247589,9.871216,0.016357422
0.48077393,9.879196,0.018432617
0.4597168,9.889526,0.029281616
0.38581848,9.866455,-0.026992798
0.4500885,9.858871,0.05732727
0.39570618,9.883057,0.008346558
0.4416046,9.868042,0.036865234
#,#,#
0.49243164,9.899246,0.0834198
0.4638214,9.895142,0.09651184
0.40859985,9.872955,0.026351929
0.41400146,9.850464,0.0074920654
0.47123718,9.859177,0.0137786865
0.39283752,9.875778,0.021118164
0.3717041,9.876083,0.06187439
0.40802002,9.864197,0.042999268
0.34829712,9.882736,-0.028152466
0.30610657,9.90892,-0.044158936
0.33232117,9.905457,-0.07896423
0.3493042,9.890228,-0.13580322
0.33486938,9.882477,-0.11920166
0.3340454,9.8754425,-0.063964844
0.32720947,9.876495,-0.066085815
0.3721161,9.8811035,-0.06956482
0.3918152,9.90657,-0.063934326
0.35931396,9.91835,-0.023223877
0.40597534,9.907608,0.009643555
0.4220581,9.894775,-0.045272827
0.37786865,9.889008,-0.071517944
0.38879395,9.8771515,-0.037338257
0.3667755,9.864929,-0.038757324
0.34150696,9.8945465,-0.119003296
0.36386108,9.885635,-0.10986328
0.36273193,9.859238,-0.089416504
0.3836975,9.860214,-0.125
0.33328247,9.874695,-0.12321472
0.29447937,9.847488,-0.12109375
0.26791382,9.930298,-0.19651794
0.26509094,9.946442,-0.19010925
0.2641449,9.919617,-0.11979675
0.26112366,9.918961,-0.2234497
0.35882568,9.870605,-0.16015625
0.41879272,9.88092,-0.057617188
0.4734192,9.896973,-0.03453064
0.297287,9.928772,-0.1281128
0.24404907,9.926865,-0.020736694
0.45915222,9.902832,0.043151855
0.43521118,9.878311,0.014099121
0.45066833,9.862625,0.015625
0.46424866,9.848099,0.0881958
0.46748352,9.84021,0.008392334
0.5105896,9.8645935,0.13769531
0.5105591,9.882095,0.03627014
0.49876404,9.821625,0.08459473
0.5055542,9.873032,0.15675354
0.42694092,9.866699,0.13328552
0.6183777,9.899139,0.041259766
0.41807556,9.843796,0.06706238
0.43107605,9.874344,0.07965088
0.50834656,9.918304,0.09257507
0.4892578,9.892426,0.051086426
0.52568054,9.875732,0.10145569
0.62272644,9.873062,0.12683105
0.58706665,9.85173,0.29714966
0.6647949,9.883347,0.25915527
1.395401,10.013123,0.25535583
3.79451,10.564346,0.18051147
0.012573242,10.051239,-0.0073242188
-0.54966736,9.507446,0.12449646
0.40405273,9.841934,0.25576782
0.67529297,9.881561,0.20602417
0.7812958,9.883514,0.14421082
0.5837097,9.883987,0.19422913
0.68006897,9.876953,0.1582489
0.6498108,9.847717,0.10813904
0.69470215,9.843063,0.1499939
0.58039856,9.840851,0.19581604
0.5696106,9.8472595,0.17315674
0.5704498,9.861542,0.10852051
0.5737457,9.87883,0.06665039
0.58291626,9.867477,0.06941223
0.5302429,9.871002,0.025894165
0.52082825,9.861176,5.79834E-4
0.552124,9.85997,0.041412354
0.5386963,9.868561,0.032318115
0.5527954,9.835373,0.047576904
0.5871124,9.833801,0.0664978
0.5833893,9.876709,0.05645752
0.589386,9.901047,0.1111145
0.57907104,9.902924,0.11174011
0.574234,9.881241,0.07727051
0.5826111,9.838287,0.11428833
0.54470825,9.847595,0.034851074
0.5247803,9.869278,-0.047836304
0.59181213,9.873062,0.035003662
0.57873535,9.8558655,0.067276
0.5751953,9.875671,0.076309204
0.5795288,9.836273,0.078826904
0.607193,9.83728,0.056121826
0.5889282,9.872162,0.060958862
0.5780792,9.832367,0.07928467
0.57325745,9.857513,0.0868988
0.51620483,9.891998,0.113861084
0.61613464,9.847794,0.07783508
0.60092163,9.893936,0.05860901
0.60469055,9.880356,0.09724426
0.5991974,9.869141,0.119400024
0.55436707,9.852829,0.05921936
0.6140137,9.858383,0.0634613
0.5969696,9.897766,0.08232117
0.5704956,9.84787,0.09236145
0.62942505,9.868271,0.071136475
0.57211304,9.887253,0.14144897
0.55563354,9.881775,0.07546997
0.5534668,9.860504,0.061447144
0.5574646,9.886749,0.023101807
0.57759094,9.852676,0.072052
0.5611725,9.880661,0.016418457
0.58517456,9.831406,0.0758667
0.57844543,9.872055,0.06248474
0.60131836,9.868118,-0.0068359375
0.5988312,9.878967,0.061187744
0.57258606,9.875336,0.06695557
0.549057,9.880676,0.0896759
0.5532532,9.862015,0.029876709
0.5231476,9.867905,0.023590088
0.30163574,9.883545,0.24165344
0.613266,9.846222,0.1771698
0.549942,9.88649,0.0014190674
0.5492401,9.871231,0.113098145
0.5307617,9.888336,0.13479614
0.5700836,9.86882,0.23080444
0.57489014,9.892105,0.20516968
0.5948334,9.857559,0.14308167
0.56803894,9.82637,0.1525116
0.6285095,9.862534,0.17407227
0.6209259,9.86322,0.18341064
0.617157,9.8433075,0.17506409
0.6033478,9.828232,0.15010071
0.57839966,9.838608,0.17166138
0.5759735,9.870026,0.17424011
0.555954,9.891541,0.15725708
0.52638245,9.869904,0.15345764
0.5229492,9.83989,0.12789917
0.5092621,9.827194,0.1466217
0.5318146,9.843033,0.15873718
0.53518677,9.864838,0.087509155
0.51937866,9.86853,0.10159302
0.52537537,9.865921,0.15159607
0.5263672,9.867493,0.118774414
0.5605011,9.863419,0.08105469
0.6187897,9.841156,0.15013123
0.55978394,9.847961,0.18811035
0.50149536,9.841751,0.139328
0.5667572,9.869629,0.14620972
0.5418854,9.871017,0.12322998
0.5158844,9.877686,0.06703186
0.50520325,9.85141,0.07556152
#,#,#
0.49549866,9.860184,0.072784424
0.44776917,9.89357,0.06309509
0.46157837,9.8767395,0.05545044
0.4841156,9.898193,0.025131226
0.48454285,9.858826,0.10671997
0.42999268,9.864868,0.044647217
0.5066986,9.916824,0.00680542
0.4743805,9.879898,0.076919556
0.50239563,9.891663,0.029876709
0.45187378,9.875717,0.065704346
0.4819336,9.896851,0.0639801
0.499588,9.87529,0.07662964
0.4367218,9.869537,0.0015258789
0.4878235,9.897278,0.04283142
0.3988037,9.869156,0.008712769
0.4914856,9.908585,0.0020751953
0.46331787,9.88028,0.015579224
0.42718506,9.865311,0.11102295
0.42752075,9.8927765,-0.0040283203
0.43696594,9.88179,0.0345459
0.4697113,9.876541,0.051483154
0.4392395,9.870682,0.033599854
0.401886,9.876251,0.0046844482
0.3848877,9.883667,-0.021896362
0.4319458,9.847427,0.016448975
0.43746948,9.884613,-0.020950317
0.45407104,9.908783,0.028244019
0.41394043,9.867981,0.06034851
0.43707275,9.869324,0.042175293
0.44044495,9.888824,0.006668091
0.41082764,9.876434,-0.032714844
0.42004395,9.886124,-0.019836426
0.3882904,9.890228,0.013931274
0.35580444,9.881439,-0.014419556
0.3508606,9.86998,-0.025894165
0.32359314,9.879791,-0.039611816
0.40545654,9.894638,-0.010955811
0.4268036,9.890945,0.002243042
0.42488098,9.893295,-0.011016846
0.46702576,9.866013,0.01890564
0.45480347,9.856476,0.045516968
0.45944214,9.887543,0.039108276
0.54881287,9.887009,0.06326294
0.5106964,9.869446,0.05833435
0.45100403,9.869263,0.041122437
0.40304565,9.892212,0.060791016
0.39494324,9.929764,0.046218872
0.4494629,9.92421,0.041549683
0.3141327,9.900665,-0.07644653
0.18292236,9.942413,-0.09300232
0.2548523,9.939774,-0.10292053
0.3059845,9.926727,-0.079956055
0.15953064,9.905884,-0.06517029
0.18782043,9.888382,-0.03199768
0.2073822,9.860886,-0.20321655
0.24751282,9.874863,-0.11091614
0.17678833,9.895691,0.08868408
0.24925232,9.903198,0.07043457
0.3526001,9.859528,0.09358215
0.29544067,9.855759,0.008880615
0.35839844,9.898697,-0.038909912
0.40434265,9.91478,0.025878906
0.392807,9.850189,0.06588745
0.38700867,9.891342,0.11558533
0.38671875,9.835098,0.057052612
0.3774109,9.883743,0.07072449
0.3984375,9.899124,0.09472656
0.45732117,9.918152,0.058288574
0.3972168,9.908508,-0.010787964
0.43370056,9.898621,0.03944397
0.41915894,9.884369,-0.028564453
0.40519714,9.872437,-0.02053833
0.39814758,9.838959,0.018814087
0.39300537,9.854019,0.004623413
0.39334106,9.85527,0.04689026
0.43385315,9.868515,-0.0065307617
0.41645813,9.898453,0.13134766
0.43547058,9.901566,0.05381775
0.5132141,9.877838,0.058288574
0.38224792,9.864548,0.04385376
0.3943634,9.859131,0.011291504
0.42926025,9.880112,-0.042495728
0.46037292,9.865234,0.0466156
0.30603027,9.850037,0.009613037
0.25894165,9.87236,0.015625
0.40509033,9.898315,0.013214111
0.45272827,9.891464,0.005859375
0.40234375,9.854874,0.016494751
0.38319397,9.863632,0.044509888
0.40707397,9.879227,0.03678894
0.46598816,9.906723,0.04473877
0.4430542,9.910355,0.032608032
0.39372253,9.8732605,0.059509277
0.42227173,9.85498,0.039154053
0.41500854,9.836182,0.0060424805
0.40428162,9.878357,0.022064209
0.40679932,9.911972,-0.025238037
0.41799927,9.898865,-0.027160645
0.39619446,9.8759,-0.007446289
0.38941956,9.867905,-0.015548706
0.41104126,9.873062,-0.03010559
0.3841095,9.855621,0.009048462
0.32226563,9.893829,-0.023513794
0.34109497,9.890671,-0.06289673
0.38346863,9.898361,-0.07879639
0.39385986,9.8867035,-0.07946777
0.3804474,9.89386,-0.007797241
0.39189148,9.893082,6.2561035E-4
0.42132568,9.877487,-0.009185791
0.40078735,9.8784485,-0.0026245117
0.3748932,9.904144,0.0052337646
0.3436737,9.901718,-0.036483765
0.40769958,9.8723755,-0.0018615723
0.38563538,9.88942,-0.035812378
0.3551941,9.920471,0.020462036
0.35508728,9.896835,-0.028244019
0.38078308,9.896271,-0.04046631
0.38858032,9.858597,-0.008880615
0.31098938,9.884384,-7.171631E-4
0.30119324,9.913864,-0.062179565
0.2965088,9.891129,-0.08496094
0.3604889,9.958542,-0.03781128
0.4259796,9.891052,-0.06404114
0.39865112,9.851669,-0.012252808
0.3578949,9.854019,0.0026397705
0.3468933,9.856674,-0.07884216
0.36427307,9.921677,-0.017120361
0.38560486,9.897186,0.020858765
0.34622192,9.895584,-0.0152282715
0.4104309,9.837952,-0.019226074
0.35473633,9.8684845,0.0020751953
0.39689636,9.901245,-6.713867E-4
0.39056396,9.879181,-0.01272583
0.39175415,9.854675,0.0071411133
0.29789734,9.880203,-0.0022125244
0.26683044,9.880692,-0.032333374
0.26823425,9.882034,-0.13526917
0.33969116,9.884872,-0.08641052
0.27294922,9.904907,-0.10369873
0.3935089,9.902985,-0.039764404
0.40834045,9.876114,0.030441284
0.3988037,9.910568,0.03465271
0.39546204,9.890472,0.060897827
0.40896606,9.865509,0.074417114
0.40699768,9.8789215,-0.0158844
0.4139099,9.905121,-0.038391113
0.4323883,9.875946,-0.05189514
0.35681152,9.882217,-0.10606384
0.2851715,9.901581,-0.1401825
0.24609375,9.920898,-0.1508789
#,#,#
0.2215271,9.917145,-0.18132019
0.262146,9.913544,-0.1506195
0.29045105,9.891663,-0.06694031
0.48962402,9.878098,-0.023391724
0.4663086,9.890411,-0.04953003
0.37083435,9.887421,-0.05783081
0.42489624,9.869049,0.007217407
0.39564514,9.876892,0.0038909912
0.38989258,9.8667755,-0.03970337
0.4368286,9.841934,0.011001587
0.46577454,9.856705,0.048034668
0.50109863,9.903366,-0.0045166016
0.4547119,9.865036,-0.03942871
0.37348938,9.885025,0.008865356
0.31144714,9.905716,-0.0415802
0.3598938,9.881622,-0.042816162
0.42518616,9.867645,-0.026412964
0.39482117,9.8862,-0.10525513
0.39894104,9.922302,-0.09863281
0.3684845,9.897232,-0.07136536
0.40216064,9.89566,-0.057037354
0.4669037,9.894852,-0.028869629
0.46484375,9.884201,0.006713867
0.4295807,9.888824,-0.025863647
0.30514526,9.893997,8.087158E-4
0.41801453,9.903198,-0.03262329
0.38064575,9.879547,-0.09825134
0.40628052,9.868866,-0.11160278
0.44735718,9.861374,-0.033737183
0.38279724,9.882309,-0.0053863525
0.32044983,9.849365,-0.12376404
0.39562988,9.873535,-0.063323975
0.37220764,9.895874,-0.1103363
0.4105835,9.922791,-0.070739746
0.30314636,9.8811035,-0.05795288
0.39231873,9.892563,-0.090789795
0.43641663,9.895477,-0.063827515
0.38049316,9.882507,-0.024475098
0.38252258,9.8694,-0.051864624
0.3408966,9.895203,-0.10813904
0.25779724,9.924362,-0.14343262
0.27767944,9.923157,-0.1675415
0.28527832,9.893448,-0.13948059
0.3348236,9.887482,-0.1508789
0.42295837,9.887405,-0.08955383
0.41815186,9.894638,-0.054519653
0.4683838,9.876236,0.011489868
0.49165344,9.897842,-0.0047912598
0.45828247,9.861847,0.030273438
0.41488647,9.914215,-0.06422424
0.4565277,9.891785,-0.12173462
0.41226196,9.877533,-0.19729614
0.36801147,9.89592,-0.2073822
0.44584656,9.884705,-0.10787964
0.39118958,9.891052,-0.1535492
0.31762695,9.906616,-0.15907288
0.3474121,9.884338,-0.04663086
0.33946228,9.852386,-0.042144775
0.3460846,9.858719,-0.11323547
0.4033203,9.895874,-0.11689758
0.388031,9.872345,-0.05680847
0.4320526,9.871857,-0.04484558
0.4343567,9.885315,-0.06278992
0.39485168,9.884399,-0.1555481
0.41049194,9.911957,-0.16932678
0.34379578,9.9039,-0.23304749
0.29301453,9.906494,-0.22105408
0.40811157,9.911209,-0.14215088
0.43223572,9.908768,-0.10160828
0.44830322,9.9071045,-0.06341553
0.4356842,9.880875,-0.09957886
0.42993164,9.916901,-0.1158905
0.33966064,9.887939,-0.09017944
0.28042603,9.881546,-0.10296631
0.30038452,9.894272,-0.14144897
0.3100586,9.914001,-0.19595337
0.3591919,9.908554,-0.051727295
0.37005615,9.882538,-0.14613342
0.4938507,9.877823,-0.11891174
0.41377258,9.935806,-0.16363525
0.44743347,9.859558,-0.12286377
0.4404297,9.905304,-0.108306885
0.39515686,9.884781,-0.06567383
0.50564575,9.860184,-0.11143494
0.27348328,9.845093,-0.18522644
0.5408478,9.863022,-0.16055298
0.38775635,9.908463,-0.16687012
0.3502655,9.92276,-0.19268799
0.49557495,9.896469,-0.1535492
0.40829468,9.884964,-0.11155701
0.4580841,9.884308,-0.14401245
0.42304993,9.876205,-0.09326172
0.4116211,9.885666,-0.12123108
0.4902954,9.892929,-0.11721802
0.5032196,9.895401,-0.11419678
0.4090271,9.880295,-0.0856781
0.40663147,9.92894,-0.116241455
0.42765808,9.90271,-0.15498352
0.41464233,9.864456,-0.1670227
0.4597473,9.85878,-0.094192505
0.39918518,9.871307,-0.10244751
0.4083252,9.909912,-0.1273346
0.4289093,9.904419,-0.15675354
0.4236908,9.885315,-0.16894531
0.42541504,9.871902,-0.18380737
0.4688263,9.90506,-0.145401
0.46688843,9.879456,-0.13528442
0.3678589,9.871307,-0.11869812
0.39234924,9.874191,-0.19291687
0.42764282,9.906418,-0.20309448
0.3179779,9.890335,-0.1280365
0.4215088,9.873688,-0.08711243
0.50479126,9.86615,-0.05215454
0.43467712,9.890213,-0.05470276
0.45036316,9.922974,-0.12207031
0.29945374,9.908691,-0.2037201
0.32321167,9.903229,-0.17016602
0.3899231,9.902008,-0.25550842
0.35708618,9.902664,-0.31082153
0.36087036,9.922043,-0.2579956
0.4134369,9.913345,-0.17041016
0.45872498,9.929077,-0.17414856
0.3983307,9.866531,-0.23326111
0.4300232,9.816772,-0.057540894
0.5878601,9.891342,-0.12942505
0.5950775,9.907501,-0.058013916
0.44343567,9.890198,-0.084503174
0.5341339,9.882217,-0.12884521
0.46910095,9.87146,-0.006515503
0.49627686,9.879013,-0.083740234
0.45780945,9.884399,-0.09114075
0.495224,9.879349,-0.15235901
0.43972778,9.87207,-0.1774292
0.40873718,9.911713,-0.07136536
0.449646,9.912674,-0.115737915
0.48649597,9.941544,-0.14099121
0.4769745,9.919983,-0.06871033
0.4410553,9.894821,-0.08905029
0.33532715,9.917984,-0.13627625
0.5281372,9.866013,-0.16041565
0.4049225,9.876846,-0.16664124
0.4008026,9.896088,-0.13951111
0.41256714,9.8945465,-0.20552063
0.41290283,9.894485,-0.07069397
0.37980652,9.899139,-0.121154785
0.40893555,9.884964,-0.04966736
0.35725403,9.885468,-0.11177063
0.4315338,9.897858,-0.108947754
0.25117493,9.913895,-0.204422
0.39476013,9.917831,-0.1647644
#,#,#
0.4095459,9.914597,-0.116867065
0.44787598,9.914978,-0.08258057
0.3799286,9.867493,-0.11656189
0.36517334,9.8993225,-0.16267395
0.28967285,9.877121,-0.13513184
0.32455444,9.88739,-0.16940308
0.30412292,9.890533,-0.19203186
0.38735962,9.874481,-0.20445251
0.3680725,9.898132,-0.20141602
0.41830444,9.898453,-0.1894989
0.4262085,9.885086,-0.16281128
0.45092773,9.918472,-0.13444519
0.48780823,9.905823,-0.11238098
0.5086365,9.871857,-0.10229492
0.5029144,9.853577,-0.008468628
0.5238495,9.887955,-0.024429321
0.49453735,9.904358,-0.03138733
0.46806335,9.891403,-0.033615112
0.40293884,9.879898,-0.15653992
0.35302734,9.889877,-0.21069336
0.3993988,9.875748,-0.12898254
0.34928894,9.890869,-0.17662048
0.30456543,9.911118,-0.17886353
0.38279724,9.94249,-0.12081909
0.36898804,9.938736,-0.16925049
0.4313507,9.9136505,-0.2361908
0.4235382,9.910751,-0.18565369
0.42861938,9.869736,-0.11053467
0.44392395,9.844543,-0.07014465
0.40396118,9.879013,-0.07171631
0.4322052,9.909073,-0.05899048
0.41186523,9.915909,-0.10423279
0.42521667,9.8918,-0.13520813
0.45635986,9.883499,-0.14094543
0.45437622,9.881546,-0.09887695
0.449234,9.908096,-0.07774353
0.37719727,9.923645,-0.19252014
0.35520935,9.92543,-0.18917847
0.4320221,9.899384,-0.12623596
0.26150513,9.878799,-0.17866516
0.23042297,9.879318,-0.23043823
0.4704132,9.902008,-0.13320923
0.52978516,9.910431,-0.091918945
0.4804077,9.894653,-0.1275177
0.33747864,9.934265,-0.1104126
0.341568,9.888077,0.0044403076
0.40525818,9.895737,-0.06037903
0.38816833,9.905792,-0.20101929
0.20458984,9.879059,-0.33724976
0.49771118,9.894043,-0.2735138
0.13600159,9.913437,-0.18159485
0.48434448,9.845581,-0.114974976
0.48527527,9.924469,-0.1426239
0.43432617,9.8892975,-0.044296265
0.44004822,9.882843,-0.17285156
0.50401306,9.918106,-0.18048096
0.25556946,9.860916,-0.06474304
0.42030334,9.863541,-0.09033203
0.36712646,9.902649,-0.11000061
0.45129395,9.922119,-0.1533966
0.3424225,9.909988,-0.21817017
0.42778015,9.932648,-0.23283386
0.3812561,9.901138,-0.118927
0.44441223,9.892334,-0.11579895
0.46435547,9.873917,-0.057907104
0.42147827,9.899536,-0.10966492
0.45552063,9.912109,-0.15956116
0.48614502,9.89801,-0.19570923
0.43292236,9.910187,-0.15675354
0.3764801,9.90303,-0.115219116
0.3726349,9.917252,-0.15081787
0.41760254,9.892181,-0.16517639
0.4121399,9.88353,-0.13667297
0.37690735,9.869568,-0.15551758
0.5786133,9.865051,-0.16145325
0.53842163,9.945816,-0.21180725
0.39875793,9.92067,-0.11276245
0.4845581,9.860016,-0.010940552
0.38685608,9.891617,-0.12573242
0.43321228,9.915909,-0.13835144
0.4853363,9.896942,-0.12512207
0.45465088,9.880951,-0.099853516
0.37913513,9.91217,-0.1129303
0.35298157,9.871811,-0.09083557
0.27322388,9.874008,-0.1809845
0.2649536,9.87323,-0.24623108
0.36154175,9.872391,-0.21784973
0.45787048,9.868195,-0.19604492
0.47653198,9.87764,-0.19464111
0.43528748,9.916458,-0.1590271
0.46653748,9.9086,-0.12081909
0.43925476,9.904327,-0.13420105
0.4858551,9.887329,-0.21932983
0.44487,9.896164,-0.12901306
0.3625183,9.878021,-0.15190125
0.42407227,9.911713,-0.1530304
0.42330933,9.894409,-0.21659851
0.3904724,9.8582,-0.25105286
0.40216064,9.889282,-0.20347595
0.3915863,9.87056,-0.21131897
0.43658447,9.901016,-0.20626831
0.3279724,9.885315,-0.29138184
0.33869934,9.865387,-0.17372131
0.41374207,9.88324,-0.18605042
0.4512787,9.905045,-0.22851563
0.3894043,9.897247,-0.1786499
0.4700775,9.8875885,-0.17875671
0.4724121,9.873184,-0.18589783
0.4912262,9.906082,-0.13856506
0.460083,9.869537,-0.16596985
0.36175537,9.914032,-0.21783447
0.3914032,9.921112,-0.23910522
0.42276,9.862671,-0.24615479
0.3901825,9.908539,-0.2083435
0.31645203,9.901535,-0.30332947
0.36695862,9.871323,-0.27009583
0.3839569,9.917038,-0.26187134
0.33589172,9.885742,-0.28155518
0.40664673,9.895508,-0.30049133
0.50801086,9.874039,-0.2068634
0.4355774,9.893219,-0.1554718
0.43901062,9.871735,-0.1534729
0.4069214,9.852402,-0.25627136
0.4116974,9.884399,-0.19584656
0.44462585,9.903259,-0.20083618
0.47296143,9.898514,-0.17588806
0.4607849,9.92453,-0.20135498
0.41586304,9.933228,-0.2521515
0.4025116,9.923706,-0.22233582
0.40190125,9.927872,-0.23460388
0.41093445,9.930252,-0.25787354
0.37615967,9.903107,-0.23530579
0.39683533,9.907562,-0.2207489
0.5519562,9.926697,-0.21176147
0.48120117,9.910187,-0.25764465
0.3714447,9.91214,-0.29483032
0.5185852,9.902847,-0.15994263
0.49905396,9.87381,-0.11810303
0.47662354,9.866241,-0.13865662
0.5977936,9.8641205,-0.07791138
0.5462494,9.877808,-0.032943726
0.5213928,9.866806,0.011886597
0.52796936,9.853577,-0.044815063
0.5250244,9.880035,-0.09288025
0.5386505,9.888397,-0.092926025
0.45355225,9.867844,-0.17021179
0.48417664,9.850769,-0.21937561
0.45825195,9.894562,-0.22898865
0.439682,9.909149,-0.18566895
0.43347168,9.887375,-0.18765259
#,#,#
0.51626587,9.874893,-0.2096405
0.50798035,9.889435,-0.19268799
0.47764587,9.888916,-0.16926575
0.5541687,9.910156,-0.12841797
0.5322571,9.91011,-0.15216064
0.53030396,9.887024,-0.10839844
0.52583313,9.898804,-0.14859009
0.5247803,9.893372,-0.16358948
0.49113464,9.898407,-0.17085266
0.46966553,9.912003,-0.21211243
0.4807434,9.878586,-0.12738037
0.49305725,9.9422455,-0.17053223
0.4393921,9.894669,-0.21716309
0.42514038,9.94986,-0.29092407
0.37776184,9.8810425,-0.111968994
0.66090393,9.816452,-0.03453064
0.2990265,9.91452,-0.20091248
0.49002075,9.861801,0.047332764
0.32362366,9.878677,0.0049743652
0.5630951,9.923874,0.11735535
0.6139984,9.870178,0.0818634
0.5214386,9.817551,0.19052124
0.6066284,9.820587,0.22084045
0.436203,9.879471,0.23692322
0.52230835,9.86348,0.08099365
0.6096802,9.8754425,0.17643738
0.55485535,9.87355,0.19789124
0.5357208,9.860794,0.15585327
0.5709076,9.840988,0.18881226
0.5253601,9.843948,0.14735413
0.53182983,9.862289,0.1733551
0.5733948,9.858093,0.15545654
0.5700226,9.865753,0.10446167
0.5244446,9.874329,0.07954407
0.5316925,9.857376,0.13040161
0.5207672,9.870224,0.13464355
0.5500946,9.855499,0.19165039
0.565155,9.84465,0.17019653
0.56073,9.83992,0.099731445
0.49925232,9.842865,0.06468201
0.46543884,9.854187,0.087677
0.53256226,9.870895,0.13882446
0.5393982,9.886902,0.15112305
0.53871155,9.887695,0.12249756
0.5527954,9.859009,0.09236145
0.5685272,9.860718,0.09802246
0.56703186,9.850098,0.12745667
0.5579834,9.857681,0.19119263
0.60313416,9.878494,0.18069458
0.57743835,9.890198,0.13725281
0.62416077,9.892105,0.13798523
0.6100464,9.884491,0.09844971
