-1.5179238,9.605537,-1.7537527
1.541866,9.006987,-1.0067618
0.11971009,8.920795,-0.049081136
-0.4261679,9.524135,0.58777654
0.1340753,10.309433,0.62608373
-1.7190368,8.523358,-1.4903905
-1.8004397,8.327033,-1.3180081
-1.1013328,10.070012,-0.11611878
0.6560113,11.133038,-0.2789245
-0.40701428,9.006987,1.258153
-0.92416185,8.456321,2.1871033
-0.49799395,12.785037,1.6172832
-0.94331545,9.279925,-0.6811504
-1.1923125,8.384495,1.1001357
-1.5993267,11.200075,2.043451
2.327164,8.671799,1.0618285
-0.2873042,7.8146744,2.0721815
-0.521936,10.955867,2.0338743
-2.0350714,11.415554,-0.7098808
-1.7956513,8.250419,1.2677298
-0.4261679,9.188946,0.9660604
0.45489833,11.142614,0.037110128
-1.5658079,8.154651,0.7266402
-0.7374141,9.102755,2.5797524
-1.9201498,11.319786,0.37708676
-0.545878,11.022904,0.5494693
-1.2210429,8.844181,1.578976
-0.39264908,11.147403,1.1480197
3.1268275,9.749189,0.07062895
0.39743748,8.001422,2.4648306
-0.94810385,11.87524,2.5270798
-0.78050977,6.8282633,-1.3371617
-2.0350714,8.078036,-0.33638534
-1.5993267,10.7116585,0.62608373
0.545878,9.854534,0.62129533
-1.7286136,8.528147,1.9955671
-1.7956513,8.882488,1.6699557
-1.1540052,12.4785795,0.81761986
-0.37828386,8.973468,-0.8822633
-0.49320555,8.791509,-0.89184016
-1.9488802,9.576807,-0.35553896
0.14844051,11.262324,0.027533319
0.25378537,11.123461,2.4265234
0.51714754,8.767567,1.6747441
0.6895301,9.797073,1.9045875
-2.4372973,8.599973,-3.558981
-2.111686,8.944737,-0.23104046
-0.6560113,9.021352,0.3196259
-2.7581203,10.697293,0.8798691
-0.62249243,11.03727,-1.3994108
-0.7038953,9.246407,-0.029927522
-0.019153614,9.600749,1.5167267
-1.2449849,11.851298,0.664391
-0.11492168,10.242394,-0.130484
-1.8195933,8.379706,1.8567034
-2.2936451,11.166556,1.3826514
3.0597897,8.537724,0.19033903
0.16280572,8.264784,2.019509
-0.23463176,12.65575,1.9572599
-1.2401965,8.968679,-1.7345991
-2.2266076,7.9008656,0.21906945
-1.7046716,11.133038,1.578976
2.681506,10.127473,0.5351041
-0.36870706,7.6375036,2.2158337
-1.0869676,11.99495,1.9859903
-1.1540052,8.7292595,-1.1216835
-2.111686,8.09719,0.760159
-2.0015526,11.822568,1.4640543
3.2944214,9.581595,0.59735334
-0.076614454,7.383718,2.220622
-0.36870706,12.152967,2.2349873
-1.460463,10.079589,-0.9828198
-1.8387469,7.0341644,0.51595044
-2.5617957,11.271901,1.6843209
2.5905263,10.261548,-0.25977087
-0.51235914,8.408437,2.6563668
0.50757074,12.191275,2.1775265
-2.4037786,9.753978,-1.0833763
-1.3263878,7.2065473,-0.08738836
-1.7860745,11.324574,1.4065934
2.2984335,10.208876,0.6835446
0.2873042,8.197746,1.9716251
-0.05267244,11.674128,2.3786395
-0.9864111,10.5919485,-0.50876784
-1.8722657,6.909666,0.8750807
-1.8770541,11.401189,1.0761937
2.2170308,9.964667,0.7266402
-0.21547815,8.513782,3.288436
0.9672575,12.124237,2.7952304
-2.2984335,9.888053,-0.82001406
-1.8626889,6.871359,0.94211835
-2.3080103,11.707646,1.6843209
2.3702598,10.237606,0.47764325
-0.5554548,7.8912888,2.2780828
-0.7326257,11.769896,2.694674
-2.5617957,9.80665,-1.5765818
-1.9776106,6.3063273,0.8655039
-2.4851813,12.066776,1.9189527
1.4939818,9.32781,-0.08738836
-0.89064306,7.225701,1.7178397
-1.283292,11.602302,2.4121583
-2.0973208,8.99741,-0.22146365
-1.7956513,7.5848308,-0.1352724
-2.1021092,11.420342,1.0618285
2.5570073,10.189722,-0.025139118
-1.4796166,7.61835,1.8567034
-1.4077905,10.979809,2.2732944
-3.715801,10.323798,-0.9684546
-2.4037786,5.6407394,-0.32680854
-1.9632454,12.914324,0.59256494
1.4508862,9.131485,0.78888947
0.08140286,7.943961,1.5071499
-0.7422025,11.070788,2.469619
-3.1268275,9.428367,0.44891283
-2.0111294,6.4020953,0.9564836
-1.8722657,12.804191,1.7609353
1.7046716,9.907207,0.5351041
-0.32561144,7.393295,2.6850972
-0.8810662,11.60709,3.240552
-3.466804,10.251971,-0.6332663
-1.6376339,6.3925185,0.8702923
-2.0446482,11.760319,2.1823149
2.6288335,9.662998,0.79367787
-0.5315128,6.8905125,3.0346506
-0.7661445,11.717223,3.369839
-3.5817258,10.620679,-0.23582886
-2.6767175,6.4547677,-0.2693477
-2.3942018,12.0332575,2.134431
1.508347,9.179369,0.49200845
-0.7469909,7.101202,2.574964
-0.49320555,11.425131,3.1352072
-2.566584,9.212888,-0.39863458
-2.825158,7.0820484,0.5446809
-2.2840683,12.119449,2.3211784
1.3503298,8.552089,0.2861071
-0.6464345,7.4268136,2.670732
-0.60812724,11.659762,3.0059202
-3.1172507,8.1881695,0.37229836
-1.460463,7.16824,0.37708676
-1.9297266,11.923124,1.1959038
0.79008657,8.39886,-0.3890578
-1.2545617,6.919243,2.005144
-0.41180268,10.548853,3.2213984
-3.0071173,8.154651,1.0618285
-1.0630256,7.9008656,2.0482395
-0.7278373,10.314221,1.0761937
0.05746084,11.089942,1.4449008
-0.80445176,7.575254,1.4496891
-0.5746084,8.939949,3.1639376
-2.7006595,11.420342,1.8567034
#,#,#
-0.48841715,8.930372,2.3642743
-0.90979666,9.165004,1.459266
0.18674773,12.138602,1.9237411
-1.3120226,8.317456,1.578976
-0.93373865,8.12592,3.7816415
-2.6144683,12.871228,3.2836475
-0.19153613,9.428367,3.1256304
-0.866701,8.192958,2.292448
-0.30645782,12.660539,1.6795325
-1.532289,9.3661175,1.6986861
-1.0773908,8.1881695,4.38498
-1.5562311,11.903971,3.0298622
-0.2777274,10.817003,1.780089
-0.9768343,7.517793,1.5837644
-0.9911995,12.349293,1.3204023
-0.521936,10.457873,2.2732944
-1.0007763,7.8050976,3.4751837
0.2873042,12.62702,3.1543608
-2.0638018,10.5919485,0.20949265
-1.7669208,7.6231384,0.45370123
-1.982399,12.200851,1.1623849
1.6903064,9.945514,1.1049241
-0.12449849,7.441179,3.738546
0.34955344,12.861651,3.1543608
-2.0494366,9.959879,0.82240826
-1.9632454,6.7947445,0.33399114
-1.1013328,12.373235,1.234211
1.163582,10.151415,1.5215151
-0.5602432,8.073248,3.1974564
-0.48841715,12.885593,2.574964
-3.3806129,10.180145,-0.17836803
-2.585738,6.9000893,0.79367787
-2.4229321,11.238382,2.4744074
2.4899697,9.840169,0.2861071
-0.41180268,7.800309,2.4887726
0.009576807,10.0748005,3.9588125
0.35913026,9.600749,-0.51834464
0.59855044,7.819463,-0.1448492
1.7717092,10.67814,1.2677298
2.8778305,8.561666,5.0984526
2.0925324,9.892841,1.9955671
0.49799395,9.466674,1.1911154
-1.0295067,10.817003,2.8909986
-0.12449849,9.744401,0.688333
-0.9911995,7.3310456,0.60214174
-2.5953147,11.774684,1.0618285
1.0630256,8.274361,1.210269
-1.2976574,7.9008656,1.2629414
0.095768064,10.477027,2.5318682
-3.9360676,11.066,0.48243165
-0.08619126,8.700529,1.8375498
-0.34955344,10.491392,0.62129533
1.3790601,9.500193,0.62608373
-0.81881696,6.7612257,1.6460136
-0.2873042,9.825804,3.7098155
-3.6343982,10.998962,0.664391
-0.047884032,7.1730285,3.0585926
-1.163582,10.338163,2.895787
0.36870706,10.496181,2.2876596
-1.0821792,6.6846113,2.0482395
0.91458505,10.46745,3.0538042
-2.5570073,9.9550905,1.210269
0.39743748,8.465898,3.78643
-0.16280572,9.332599,1.5310919
1.0869676,10.496181,1.6986861
-0.6703765,7.192182,1.1767502
-0.1388637,9.725247,3.762488
-3.2513258,10.299856,1.0570401
-0.12928689,8.279149,3.2118216
-0.61291564,9.591172,2.31639
0.7374141,11.377247,1.234211
-2.7485435,7.7093296,1.1911154
-0.5602432,9.610326,3.3123782
-3.8833952,11.75553,0.9660604
-0.37349546,8.848969,1.7753005
-0.58897364,9.533711,1.3347675
0.29209262,12.694057,0.5255273
-1.8866309,7.905654,1.5263035
-0.31603462,8.968679,3.503914
-2.336741,12.291832,1.875857
-0.14844051,8.231265,2.5845408
-1.1061212,8.90643,1.8375498
0.21068975,12.378023,0.6979098
-2.5091233,7.723695,1.5215151
-0.6991069,9.41879,3.21661
-3.2034419,12.014104,2.0386627
0.11971009,8.959103,2.2349873
-1.1731589,8.485051,2.0242975
-0.39743748,12.263102,0.33877954
-1.757344,9.3421755,1.8375498
-0.8331822,8.173804,3.8534677
-1.2018893,12.176909,2.598906
-0.9816227,10.0748005,1.9907787
-1.9249382,7.311892,1.5023615
-1.1827357,12.196063,0.92296475
-0.038307227,10.357317,2.1631613
-0.19632454,8.39886,3.4608185
0.16759412,12.540829,3.2118216
-1.685518,11.300632,0.2669535
-2.0350714,7.1251445,1.1384429
-1.5035586,12.899959,1.1432313
-1.3934253,9.878476,2.2972364
-0.5315128,8.75799,3.4847605
-0.92416185,11.865664,3.977966
-0.81881696,10.160992,0.6356605
-1.9057846,7.9248075,0.40581718
-1.4508862,11.137826,2.3451207
1.0390835,11.118672,1.3826514
-1.0055647,8.949526,3.5996823
-1.7142484,12.445061,2.7377696
-1.661576,10.606314,1.1049241
-1.9871874,7.374141,1.827973
-1.8914193,11.69807,2.0290859
1.5658079,10.453085,1.3251907
0.59376204,8.298303,2.3451207
-0.7661445,11.286267,6.3099184
-1.0582372,10.97502,-0.29328972
-1.7669208,6.6989765,2.0913353
-3.8355112,11.597513,3.3267434
2.705448,9.696517,-0.31244332
-1.6041151,7.589619,3.063381
-0.6655881,11.420342,3.168726
-2.6767175,10.103531,-1.2413936
-2.6001031,6.847417,1.4640543
-2.566584,11.468226,2.5031378
3.466804,9.323022,-0.010773907
0.6368576,8.259995,1.6986861
-0.2633622,10.840945,3.072958
-1.9488802,9.945514,-0.61411273
-2.4372973,7.029376,1.0139444
-2.2505496,11.678916,1.0474633
1.685518,9.720459,1.210269
-0.45010993,6.6367273,1.6843209
-1.4556746,10.984597,3.321955
-1.9488802,9.835381,-0.93972415
-1.7525556,6.6606693,0.7505822
-2.3175871,11.554418,1.1623849
1.5370775,11.57836,2.6563668
-0.94810385,6.7803793,2.4744074
-1.8626889,11.166556,3.642778
-2.7629087,9.864111,-0.23582886
-1.7429788,6.1530986,0.4441244
-2.4756045,11.410766,0.9516952
3.2513258,10.0269165,-0.676362
-0.62249243,6.9958572,1.9045875
-1.2880806,11.688493,3.4799721
-3.6631286,9.457097,-0.46088383
-2.3511062,6.445191,0.8559271
-2.2122424,11.951855,2.0099323
4.8219223,9.911995,1.6220716
#,#,#
-0.40222588,7.920019,2.148796
-1.2449849,12.172121,2.7281928
-2.6527755,9.835381,-0.5470751
-1.9536686,7.192182,0.2621651
-3.0071173,11.473015,2.134431
2.873042,9.188946,0.9660604
-0.4405331,7.422025,1.8854338
-1.2401965,11.506534,3.1256304
-2.8107927,9.323022,-0.5374983
-1.0773908,7.019799,0.60214174
-2.135628,12.023681,0.8415619
0.58897364,10.462662,1.1719618
-1.4987702,7.0006456,1.6412252
-1.5849615,10.16578,2.742558
-3.323152,11.137826,1.0283096
-0.81402856,9.155427,2.0961237
-1.5993267,8.939949,2.2589293
-0.15322891,12.277467,1.3395559
-2.4229321,7.9870567,1.3299791
-1.3120226,9.662998,3.551798
-3.4284968,10.606314,1.0618285
0.038307227,8.475474,2.4121583
-1.388637,9.112331,2.4983494
-0.20111294,12.210428,1.62686
-3.5242648,7.747637,1.5071499
-1.4413095,8.99741,3.7193923
-3.169923,11.405977,0.79846627
-0.41180268,8.7771435,2.4313118
-1.7669208,9.682152,2.9771898
-0.40701428,12.224793,1.6747441
-4.2521024,9.030929,1.6124948
-1.484405,9.399636,3.570952
-3.2609026,11.295844,1.0474633
-0.7757214,9.662998,2.2158337
-1.0869676,8.485051,2.043451
-0.30645782,12.583924,1.5263035
-2.8203697,9.160215,1.3730747
-0.81402856,9.246407,2.8191724
-2.456451,11.769896,1.5167267
-1.0199299,10.108319,1.0283096
-0.7757214,7.9966335,1.6124948
-0.9720459,11.899182,1.9237411
0.94331545,10.213664,0.50158525
-0.32561144,8.111555,3.0011318
-0.5363012,11.87524,3.1543608
-1.7286136,9.801862,-0.005985504
-1.9009962,7.369353,1.009156
-2.3511062,11.224017,1.7034745
3.7445314,9.260772,1.6843209
0.038307227,8.394072,2.8191724
-0.44532153,12.095507,2.670732
-1.8339585,8.66701,1.0857705
-2.255338,6.8186865,0.12808979
-1.8052281,11.204864,0.5255273
2.6192567,8.719683,-0.23582886
-0.16280572,7.431602,2.148796
-1.6711528,11.109096,2.6803088
-1.292869,10.860099,0.027533319
-0.1388637,8.183381,1.6460136
-1.0534488,10.888829,2.1823149
1.0055647,11.87524,0.20470424
-2.7102363,7.216124,1.4305356
-0.24899697,9.150639,3.2453403
-3.7014358,11.784261,-0.427365
-1.292869,8.475474,1.1767502
-1.5753847,9.121908,0.5303157
-0.46447513,11.865664,2.4887726
1.1540052,9.821015,3.2213984
-1.0821792,8.66701,3.0825348
-0.33997664,11.228806,3.6236243
-2.7006595,10.012551,-0.45609543
-2.0111294,6.5265937,0.9756372
-2.1164744,11.18571,2.6611552
3.083732,9.069236,1.2294226
-0.5506664,7.4268136,2.1535845
-1.541866,11.224017,2.670732
-2.3319526,10.127473,-0.08738836
-0.79008657,8.015787,2.2972364
-1.7860745,10.649409,0.7457938
-0.40222588,10.462662,0.9995792
-1.9776106,8.159439,2.3594859
-2.0638018,8.743625,2.349909
-3.9983168,10.596737,1.7705121
-3.9312792,9.931149,-1.5191209
-2.1260512,7.896077,-1.4281414
-2.2026656,11.224017,1.7657237
1.1540052,8.350976,1.411382
-0.90021986,8.896853,2.3068132
-1.1492168,10.730812,1.5933412
-3.2848446,10.773908,1.1049241
-1.508347,9.854534,1.3682863
-1.8004397,8.944737,1.5598224
-0.5793968,12.081141,-0.3890578
-1.7286136,10.261548,1.4065934
-1.6711528,8.451532,3.1016884
-1.982399,11.314998,2.4169466
-2.9017725,10.156203,-0.3890578
-2.1499932,7.1586633,0.7697359
-3.016694,10.888829,1.3204023
1.115698,9.255983,-0.3842694
-1.484405,7.8290396,1.353921
-1.4460979,11.334151,2.4025815
-3.7349546,10.060435,-1.2605472
-2.4851813,6.4164605,-0.61411273
-3.667917,10.764331,2.3786395
0.93852705,8.743625,0.5542577
-1.0630256,7.4986396,0.5781997
-2.006341,11.305421,1.483208
-2.4851813,8.690952,-0.4225766
-1.7142484,7.5561004,1.1528081
-1.6376339,11.870452,0.7218518
0.44532153,10.022128,0.7505822
-1.2354081,6.3350577,0.712275
-1.5035586,10.338163,2.8287494
-4.0318356,10.419566,1.0905589
-1.0630256,7.029376,1.9572599
-1.6424223,10.400413,2.1200657
0.05267244,10.802638,-0.15442601
-2.2266076,6.9288197,1.5693992
-1.4700398,9.495404,2.8335378
-3.9264908,10.702082,0.89902276
-0.05267244,7.953538,2.373851
-1.163582,9.188946,1.851915
-0.15322891,11.827356,-0.41299978
-2.566584,7.603985,1.6891093
-1.13964,9.069236,4.083311
-3.2704794,12.483368,1.5981296
-0.8714894,8.820239,1.353921
-1.3120226,8.504205,1.7944542
0.58897364,12.698846,0.38187516
-3.3758245,8.413225,1.6843209
-1.6041151,8.6813755,3.6044707
-4.0557775,11.760319,1.3299791
-0.4405331,9.246407,2.3834279
-1.5945383,9.093178,2.100912
-0.44532153,12.842498,0.7697359
-1.5658079,10.108319,2.7665
-0.8858546,8.24563,3.465607
-2.882619,11.81778,2.8814218
-1.6472107,10.376471,-0.23582886
-1.6328455,7.2927384,-0.1448492
-1.8004397,12.220005,0.9660604
1.1587936,9.452309,2.0386627
-0.6943185,9.02614,2.4504654
-1.5275006,11.971008,2.9532478
-2.6862943,10.817003,-0.1448492
-2.087744,7.1059904,1.2485762
-2.9161377,11.530476,3.015497
2.0207062,9.744401,0.22385786
-0.9576807,8.336611,2.7952304
#,#,#
-1.1971009,11.549629,3.0538042
-2.6862943,9.533711,-0.23582886
-3.2369606,6.823475,0.48243165
-3.2082303,12.761095,1.602918
1.4317327,9.337387,0.16160862
-0.24899697,7.943961,1.5885528
-1.5801731,11.113884,2.5941176
-1.9488802,9.725247,-0.6907272
-1.1827357,6.991069,1.3299791
-1.067814,11.827356,1.0666169
1.6903064,10.079589,1.3922282
-1.6663644,6.885724,0.88944596
-1.9057846,10.084377,3.072958
-3.394978,10.520123,0.91338795
-0.59855044,8.288726,1.7944542
-1.6663644,9.797073,2.0147207
0.45010993,11.372458,1.875857
-2.087744,7.642292,1.2485762
-1.4556746,8.944737,3.4129345
-4.1946416,11.674128,1.7896658
-0.5793968,9.720459,1.8231846
-1.115698,8.5473,2.5797524
-0.7757214,11.9374895,1.5933412
-1.1731589,10.443508,1.3682863
-1.5897499,8.350976,3.2453403
-1.6567876,11.583148,2.2780828
-2.480393,10.481815,0.7745243
-1.7669208,7.2209125,0.79846627
-2.432509,11.626244,2.7090392
2.6623523,9.102755,0.41060558
0.12449849,7.819463,3.0346506
0.05746084,11.664551,2.6420016
-1.6041151,9.394848,-0.90620536
-1.4987702,7.7572136,0.40581718
-1.4317327,10.649409,1.9668367
2.6192567,8.987833,0.22385786
-2.2505496,8.6574335,2.0242975
-0.9672575,11.377247,0.19512744
-2.3319526,9.619903,-1.4856021
-2.480393,6.6510925,0.89423436
-1.910573,12.794614,1.3730747
1.9393034,8.983045,0.3196259
-0.4165911,6.421249,1.5023615
-1.8770541,11.492168,2.8766334
-3.1603463,9.931149,-0.8295909
-2.7150247,6.0046577,1.483208
-2.5809495,11.645397,1.7417817
1.364695,9.41879,0.89423436
-0.47405192,6.7324953,1.6747441
-1.2545617,11.066,3.0250738
-3.5577838,10.845734,0.5781997
-2.0015526,6.3781533,1.2533646
-2.4995465,11.353305,3.5853171
0.58897364,10.644621,0.6787562
-2.054225,6.775591,1.4065934
-1.3263878,9.251195,3.0825348
-3.8498764,10.888829,1.1911154
-1.1444284,8.303091,2.4313118
-1.9440918,9.289502,3.1878796
0.31124622,12.191275,1.3970166
-2.4181437,6.373365,1.6938977
-1.3311762,9.174581,3.0442274
-3.98874,10.572795,1.3012487
-0.6991069,7.9008656,2.541445
-2.006341,10.453085,1.8662802
0.18195933,11.271901,1.4640543
-3.2513258,6.3350577,1.4975731
-1.2880806,8.614338,2.9724014
-4.309563,10.433931,1.1001357
-0.91937345,8.695741,2.7329812
-1.7812861,9.787497,1.8806454
0.22026655,11.81778,0.51595044
-2.6623523,8.556877,1.9716251
-1.1444284,8.508993,2.8670566
-3.8067808,11.602302,1.2773066
-1.7956513,10.089166,1.3156139
-1.7142484,9.002198,1.4401124
-1.6041151,12.516887,1.4879963
-0.56982,10.031705,1.5933412
-0.7038953,8.274361,3.752911
-2.303222,12.445061,2.373851
-2.5378537,10.146626,0.7314286
-1.5514427,8.283937,0.5638345
-1.1731589,12.435484,2.0242975
0.34955344,10.702082,1.6795325
-0.33518824,9.016563,3.3171666
-1.292869,12.167333,2.9340942
-2.5187001,11.03727,0.31483752
-1.6663644,6.8905125,0.39624038
-1.7860745,11.267113,1.899799
2.3223755,11.506534,1.6124948
-0.7613561,8.42759,3.3028011
-1.6950948,11.9614315,3.8726213
-2.60968,10.314221,-0.2645593
-2.3654714,6.6367273,-1.2030864
-3.916914,11.688493,1.3443443
1.7956513,9.576807,0.33877954
-0.34476504,7.129933,2.4073699
-0.24420857,11.233594,5.2181625
-1.3503298,9.878476,1.4736311
-0.80445176,7.1826053,2.1057005
-0.92895025,11.137826,2.517503
2.327164,9.471462,-0.11133038
-2.657564,6.8043213,2.6611552
-1.9009962,11.683704,3.6092591
-2.2361844,9.682152,-0.41299978
-1.8818425,6.766014,1.4879963
-2.3175871,12.100295,1.353921
3.2465374,9.184157,1.5406688
0.521936,7.369353,2.5558102
-1.0726024,10.553641,3.417723
-1.6998832,11.027693,-0.34596214
-2.3989902,6.1387334,1.401805
-1.9440918,11.549629,2.5031378
2.9257145,8.901642,0.19033903
0.023942016,7.0964136,2.3786395
-0.51714754,11.401189,3.192668
-1.6998832,9.667787,-0.17836803
-0.2681506,6.483498,1.827973
-1.3311762,11.745954,2.5031378
1.8435353,8.815451,0.2908955
-0.41180268,7.2927384,1.1145009
-0.770933,10.491392,2.8048072
-2.8538885,11.080365,0.40102878
-0.33039984,8.6095495,1.7609353
-1.2689269,9.792285,3.015497
0.47884035,12.947843,0.4201824
-1.8435353,9.279925,1.2389994
-0.8571242,8.925584,2.7377696
-2.9640217,11.971008,1.5646108
-2.2840683,10.721235,0.6356605
-1.7908629,7.1251445,1.1192893
-1.8962077,11.8896055,1.5502456
2.0111294,10.093954,1.6077064
-0.521936,7.9726915,3.1160536
-1.340753,11.836933,3.2836475
-2.9735985,9.308656,-0.5662287
-2.4851813,6.679823,0.5734113
-2.4468741,11.683704,2.1200657
2.9113493,9.528923,0.91817635
0.110133275,7.565677,2.4025815
-1.4030021,11.420342,2.5510218
-2.791639,9.821015,-0.93972415
-2.6719291,6.2488666,0.81283146
-2.9640217,11.903971,1.6651673
2.5809495,9.414001,-0.79607207
-0.6991069,6.8665705,1.282095
-2.1021092,11.602302,2.517503
-4.0174704,9.662998,0.415394
-1.388637,6.435614,2.0769699
#,#,#
-2.6623523,11.453861,2.1200657
-0.9624691,9.706094,0.24779987
-3.8642416,6.1387334,1.0905589
-1.6567876,10.314221,2.919729
-3.964798,10.237606,1.5837644
-1.7286136,7.3310456,1.6891093
-1.9393034,10.357317,1.5406688
0.22026655,10.505757,0.12808979
-1.3934253,6.7229185,0.89902276
-1.2306197,8.858546,2.5558102
-3.7732618,11.013328,1.0570401
-0.33997664,8.767567,1.9859903
-1.1492168,9.323022,2.5893292
0.36870706,12.981361,0.4249708
-1.7142484,8.614338,1.5646108
-0.7469909,8.7053175,2.967613
-3.241749,11.147403,1.7130513
-2.0590134,10.400413,0.81761986
-1.532289,8.259995,1.2868834
-0.4165911,12.210428,0.8511387
0.023942016,9.763555,1.401805
-1.0342951,8.566454,2.6994624
-2.0207062,12.588713,3.1735144
-2.9831753,10.213664,-0.1448492
-1.958457,7.086837,0.48722005
-2.5091233,11.942278,1.7513585
2.6240451,9.02614,1.2150574
-0.15801731,7.8912888,2.4600422
-0.6943185,11.530476,3.3028011
-2.5091233,9.892841,-0.6476316
-2.3989902,6.83784,0.63087213
-2.7629087,12.229582,1.3634979
1.3455414,8.250419,0.94690675
-0.35913026,7.493851,1.4975731
-1.7525556,11.190498,2.1631613
-2.9352913,10.314221,-0.2741361
-1.4748282,6.991069,1.7130513
-1.7956513,10.5680065,1.483208
0.37828386,11.008539,0.47764325
-1.1492168,6.579266,1.0426749
-1.6759412,9.639056,2.790442
-3.9264908,10.409989,-0.21188685
-0.37828386,7.8290396,1.7992426
-1.043872,9.390059,2.1775265
-0.6895301,12.215217,0.88944596
-2.7868507,7.8769236,1.7130513
-1.4891934,8.75799,2.7521348
-3.9743748,10.453085,0.24301147
-1.2785037,8.566454,1.4975731
-2.0685902,8.896853,1.9141643
-0.7326257,12.133814,0.61650693
-2.480393,9.222465,1.2533646
-1.4700398,8.6574335,3.1304188
-3.1555579,11.812991,1.6364368
-2.3127987,10.682928,1.0426749
-1.8626889,7.374141,1.7322049
-1.388637,11.971008,1.8327614
0.5363012,10.67814,1.3299791
-0.9576807,8.135497,2.8095956
-1.4748282,11.918336,2.7473464
-2.777274,10.041282,-0.049081136
-2.3223755,6.6606693,1.1815386
-2.9783869,11.827356,2.5270798
2.4037786,9.078813,0.14724341
-0.93373865,7.4028716,2.7090392
-1.7812861,11.482592,2.9149406
-3.040636,9.466674,-1.7058687
-2.6001031,6.6846113,0.36272156
-2.3750482,12.196063,0.94211835
2.4899697,8.6334915,-0.14963761
-0.39264908,7.2448545,1.2629414
-1.388637,10.874464,2.6755204
-3.1411927,9.744401,0.48243165
-1.1013328,7.651869,1.4449008
-1.6950948,10.228029,1.5454572
0.5410896,11.865664,0.82240826
-1.7860745,6.95755,0.89902276
-1.2497733,9.217676,3.1160536
-3.0310593,10.486604,1.282095
-0.9911995,10.228029,2.5701754
-1.1204864,7.704541,1.7082629
-1.2210429,12.004527,1.1480197
-0.5650316,10.534488,1.5741876
-0.92416185,8.556877,3.2118216
-1.982399,11.362882,3.3267434
-2.9975405,10.7116585,0.58298814
-1.8052281,7.441179,1.6651673
-1.7381904,10.812215,3.1543608
2.0925324,10.778696,1.5837644
-1.1109096,7.8050976,3.867833
-0.5746084,11.219229,3.66672
-2.1308396,10.184934,0.11372458
-2.5187001,6.919243,0.8511387
-2.7581203,11.319786,2.8335378
3.3806129,9.217676,0.23822308
0.076614454,7.771579,2.919729
-0.8379706,11.104307,3.2309752
-1.0247183,9.725247,-0.94930094
-1.9153614,6.588843,1.7465701
-1.4891934,11.372458,1.4065934
1.8674773,10.46745,1.7226281
-0.7134721,6.9288197,1.6316484
-1.661576,10.151415,2.9867666
-3.7732618,10.979809,0.25258827
-0.545878,8.135497,1.3491327
-1.8243817,9.691729,2.2972364
-0.0047884034,12.770672,0.61171854
-1.9440918,8.810662,0.81283146
-1.9153614,8.274361,3.0107086
-3.6631286,11.343728,1.5693992
-1.7238252,10.419566,1.0714053
-2.0111294,8.111555,2.4983494
-1.4652514,12.454638,1.5119383
-0.35434186,9.835381,1.9620483
-0.8571242,8.403648,2.2637177
-1.5801731,11.975797,2.9628246
-1.9297266,9.11712,-1.2126632
-2.2888567,6.703765,0.439336
-2.528277,11.013328,1.9955671
2.8443117,8.355764,0.5446809
0.009576807,7.943961,2.2828712
-1.0055647,11.549629,2.5462334
-1.6184803,9.56723,-0.9684546
-2.2888567,7.0724716,0.7074866
-0.7374141,10.898406,0.8511387
1.4891934,10.060435,0.81283146
-1.4987702,7.2592196,1.2150574
-1.7142484,10.280702,2.1535845
-2.9975405,10.850522,-0.2693477
-0.7086837,8.015787,1.9093759
-1.2785037,9.859323,1.6412252
0.9816227,11.654974,1.0378864
-1.7764976,7.335834,1.234211
-0.8475474,9.006987,2.9388826
-3.9456444,11.133038,1.0426749
-1.1013328,9.916783,1.8327614
-1.3024458,8.240842,1.9237411
-1.292869,12.162544,1.4401124
0.12449849,10.132261,1.4688427
-0.8379706,7.9870567,2.8574798
-0.94331545,11.463438,2.493561
-2.1930888,10.783484,0.8655039
-1.9009962,7.5561004,0.33877954
-2.3558946,11.310209,2.2589293
1.9919758,10.25676,1.6986861
-0.7469909,7.8529816,2.9771898
-1.1779473,11.386824,3.834314
-2.3127987,10.093954,0.46327803
-1.9249382,6.3925185,1.1528081
-2.9113493,12.061988,3.4799721
#,#,#
2.054225,8.896853,1.1911154
-0.44532153,7.5465236,2.694674
-1.7142484,11.228806,3.3075895
-1.6998832,9.356541,-0.11611878
-0.90979666,7.513005,1.8136078
-1.6232687,11.453861,2.493561
1.2545617,9.840169,2.0147207
-0.61770403,6.9479733,1.7657237
-1.115698,10.065224,3.762488
-3.620033,10.524911,1.1001357
-0.51714754,8.350976,1.6891093
-1.1348516,9.040505,1.9333179
-0.110133275,11.51611,1.1767502
-1.6759412,9.825804,1.3682863
-1.9680338,7.225701,3.570952
-1.5514427,12.172121,2.6850972
-2.3558946,8.978256,0.38187516
-2.528277,7.5944076,0.52073884
-2.7389667,11.281479,2.6994624
3.4572272,9.174581,1.5741876
-0.37349546,7.6949644,2.0147207
-1.3072342,11.271901,3.1256304
-2.743755,10.089166,-0.5470751
-2.695871,6.727707,1.1097125
-1.3072342,11.774684,0.32920274
1.3790601,9.600749,0.08499416
-1.0821792,7.2831616,1.5358804
-1.2976574,9.5385,2.5366566
-3.9264908,11.013328,0.6835446
-0.59376204,7.7332716,1.8710686
-2.1452048,9.744401,2.517503
0.090979666,12.186486,0.92296475
-2.4660277,8.7053175,1.2485762
-1.2737153,8.896853,3.0011318
-3.5434184,11.903971,1.4784195
-1.0151415,8.901642,0.5590461
-1.8243817,9.519346,1.8950106
0.110133275,12.392388,2.6372132
1.7525556,10.089166,2.0961237
1.3024458,8.700529,3.0202854
-0.60333884,11.975797,4.605247
-0.46447513,9.940725,0.47285482
-0.7469909,9.021352,1.3299791
-1.2354081,13.374011,2.5270798
0.7230489,11.506534,1.8327614
-0.94331545,7.6470804,2.7329812
-0.90979666,11.81778,3.7816415
-2.360683,9.662998,0.5398925
-2.336741,6.8091097,0.61171854
-1.7190368,11.9853735,1.0666169
3.0502129,8.872911,1.7322049
0.78529817,8.073248,2.9484594
-0.9816227,11.645397,3.1878796
-2.9400797,9.902418,0.1328782
-1.9488802,6.871359,1.3970166
-1.1587936,11.496957,1.0761937
1.1013328,10.31901,1.009156
-0.8858546,6.6989765,1.4688427
-1.6328455,10.409989,3.5230677
-3.6008794,9.854534,1.5167267
-0.5506664,7.896077,1.9045875
-1.541866,9.165004,2.2589293
-0.45010993,11.295844,2.5222914
-1.1779473,11.013328,1.9333179
-1.4413095,8.734048,2.9245174
-1.9871874,11.386824,1.8231846
-0.9864111,11.228806,0.51595044
-1.1204864,7.359776,1.3730747
-1.8435353,11.137826,1.2916719
1.3215994,10.400413,1.3874398
-0.7565677,8.432379,2.7377696
-1.067814,11.324574,3.21661
-2.2122424,9.404425,-0.8583213
-2.4516625,7.086837,0.3866636
-1.364695,11.851298,1.2150574
3.016694,8.734048,0.5446809
-0.641646,7.369353,1.7848774
-1.4508862,11.549629,2.4648306
-2.3798366,10.19451,-1.2126632
-1.2258313,7.302315,1.3587095
-1.460463,10.955867,1.7561469
1.1731589,10.510546,0.58298814
-0.7565677,6.7085533,0.8702923
-2.006341,10.496181,3.5613751
-3.7349546,10.6877165,1.0666169
-0.7134721,7.785944,2.2301989
-1.8100165,9.931149,3.2453403
0.25857377,11.300632,0.34356794
-1.4508862,7.642292,0.8319851
-1.4221559,9.208099,2.8814218
-3.3279405,11.463438,1.0235212
-1.13964,10.084377,1.377863
-1.2449849,8.025364,2.517503
-1.6280571,11.942278,1.5646108
2.4468741,9.77792,0.7170634
-0.40222588,8.250419,2.6276364
-1.3215994,11.343728,3.441665
-3.107674,9.275137,0.16639702
-2.135628,7.192182,0.7697359
-1.7525556,11.789049,1.2916719
1.0247183,9.773131,-0.22625206
-0.94810385,7.1347213,1.0857705
-1.7669208,9.629479,3.1160536
-3.6631286,10.998962,0.6500258
-1.067814,8.738836,1.4305356
-1.7381904,8.403648,3.321955
-0.076614454,12.579136,0.94690675
-2.2888567,9.825804,1.6986861
-1.5275006,8.183381,3.1399956
-2.5617957,11.693281,2.3451207
-2.7724855,10.682928,0.7745243
-1.6376339,7.7093296,0.89423436
-2.0590134,11.789049,2.7569232
3.1172507,10.376471,1.827973
-0.6655881,7.350199,3.240552
-0.92416185,12.023681,3.3171666
-2.2840683,10.424355,0.046686932
-2.8107927,6.564901,0.50637364
-2.930503,11.626244,3.0250738
2.9400797,9.753978,1.0522517
-0.5267244,7.5225816,2.7712884
-1.7190368,11.444284,2.6180596
-2.5570073,9.433155,0.31483752
-1.2354081,7.216124,1.8614918
-2.030283,10.6158905,1.3922282
0.7134721,9.974244,0.32441434
-1.8531121,7.2304893,1.234211
-1.4317327,9.380483,2.5079262
-3.5529952,11.133038,1.5119383
-0.521936,9.653421,1.7130513
-1.067814,8.51857,1.8327614
-1.0821792,11.908759,0.9564836
0.59376204,11.128249,1.4975731
-1.091756,8.580819,2.8335378
-1.6280571,11.042058,3.3363202
-2.9783869,9.495404,-0.4177882
-2.4516625,6.4404025,0.59735334
-2.1404164,12.368446,1.3491327
2.0398598,8.6813755,1.1097125
-0.6895301,7.455544,1.0666169
-1.1587936,10.773908,2.1583729
-2.2936451,10.6158905,-0.40342298
-0.5506664,8.202535,1.8231846
-1.067814,10.620679,1.3826514
1.1348516,11.204864,0.17118542
-2.8634653,7.062895,2.0961237
-0.8523358,9.854534,2.517503
-3.3423057,11.042058,-0.020350715
-1.0726024,8.66701,1.4065934
-1.4796166,9.14585,0.961272
#,#,#
0.7086837,12.052411,1.1528081
-0.79008657,8.623915,2.124854
-0.4213795,8.623915,3.0825348
-3.0933087,12.564771,2.9149406
-0.94810385,9.811439,1.5358804
-1.2737153,8.863335,1.5263035
-1.2976574,12.674904,1.6555905
0.23463176,10.251971,1.9285295
-0.7038953,8.576031,3.4608185
-0.63206923,11.329363,5.1798553
-2.6910827,10.70687,0.6979098
-1.9776106,7.264008,0.664391
-2.27928,11.300632,2.517503
2.2170308,9.624691,0.21906945
-0.9911995,7.7667904,2.469619
-0.90021986,11.046846,3.738546
-2.6527755,9.021352,0.61171854
-2.0111294,6.622362,0.88944596
-2.7341783,11.894394,1.0857705
2.3127987,8.983045,0.60214174
-0.2681506,7.517793,2.1918917
-1.292869,11.195287,2.8287494
-3.6774938,10.28549,0.22864626
-1.4987702,6.4404025,2.0338743
-1.7046716,10.850522,1.3156139
0.92895025,10.836157,1.009156
-1.316811,7.3071036,1.1671734
-1.757344,9.093178,3.2118216
-3.323152,10.989386,0.9516952
-0.8571242,9.56723,1.9428947
-1.8866309,8.7771435,3.5470097
0.10534488,11.482592,0.2621651
-0.78050977,10.127473,1.804031
-1.0342951,8.355764,3.2597055
-2.1260512,11.48738,2.2349873
-1.4891934,10.845734,1.3682863
-1.5562311,7.9966335,1.9907787
-1.1444284,11.832145,2.4313118
0.46926352,10.323798,1.0283096
-1.3311762,8.911219,2.4073699
-0.17238252,11.899182,3.144784
-2.2936451,10.884041,0.1328782
-2.2505496,7.0724716,0.08020575
-1.5514427,11.15698,2.019509
2.078167,10.381259,2.4552538
-0.8379706,8.130709,2.8622682
-0.545878,11.60709,3.3889925
-2.5139117,10.247183,-0.50397944
-2.135628,6.0956373,0.3196259
-3.1268275,12.090718,2.694674
3.4380736,9.078813,-0.6619968
0.110133275,7.3406224,3.1974564
-0.6560113,11.501745,2.8383262
-2.834735,9.811439,-0.8487445
-1.6807296,6.3542113,0.6404489
-1.4317327,12.157756,1.2389994
3.323152,8.911219,0.07062895
-0.49799395,7.005434,2.19668
-1.5945383,11.104307,2.9532478
-2.5091233,9.203311,-0.93493575
-2.1212628,6.8809357,1.6747441
-1.8339585,11.650186,0.24779987
2.1021092,9.572019,1.0139444
-0.6799533,6.1626754,1.4927847
-1.8674773,10.218452,2.7808652
-3.5817258,10.117896,-0.18315643
-1.1109096,7.5082164,1.6412252
-2.1739352,10.232818,2.4313118
0.79966336,10.888829,1.5023615
-1.364695,7.345411,0.664391
-1.2785037,9.346964,3.1304188
-3.596091,10.931925,1.1336545
-1.1252748,9.3421755,1.6412252
-1.5179238,8.374918,2.2972364
-0.39743748,12.483368,1.4879963
-1.3934253,9.797073,1.6938977
-1.3503298,8.073248,2.5605986
-2.4899697,11.99495,2.31639
-2.1164744,11.851298,1.1767502
-1.1587936,6.909666,-0.034715924
-1.9009962,11.765107,2.2541409
1.0965444,10.357317,1.0857705
-0.8619126,7.824251,1.9333179
-0.7278373,10.979809,2.6324248
-3.6152446,9.835381,-2.0697873
-2.303222,6.6893997,-0.20231004
-2.1930888,12.737153,2.4504654
1.5275006,8.269572,0.94690675
-0.58418524,7.6375036,2.0147207
-1.3790601,10.922348,2.5605986
-3.064578,9.9790325,-0.44651863
-1.7286136,7.6375036,1.9955671
-1.8866309,10.644621,2.0003555
0.4261679,11.501745,-0.2789245
-2.183512,7.043741,0.7553706
-1.460463,8.6574335,3.489549
-3.5098996,10.831368,1.5358804
-1.163582,10.271125,1.4449008
-1.412579,8.24563,1.8471266
-0.6368576,12.071565,1.2198458
-2.1452048,9.974244,1.1240777
-1.4317327,8.374918,2.6803088
-1.7190368,12.220005,2.790442
-2.8778305,10.486604,0.06584055
-1.8435353,7.541735,0.62608373
-2.0446482,11.209652,1.8806454
1.7669208,9.610326,0.45848963
-0.79008657,8.154651,2.2254105
-1.163582,11.789049,3.063381
-3.1124623,9.423578,-1.1168951
-2.873042,6.8761473,1.0283096
-2.456451,11.880029,1.1288661
1.4413095,9.232041,0.04189853
-1.0582372,7.038953,1.2389994
-1.8674773,10.912771,2.4983494
-3.2609026,9.89763,0.06584055
-1.1492168,7.9726915,1.7561469
-1.5131354,9.9790325,2.847903
0.4357447,11.042058,-0.23104046
-2.078167,7.8146744,0.6691794
-1.1779473,8.331821,3.4368765
-3.169923,11.745954,1.9237411
-1.6041151,10.520123,1.4209588
-1.1492168,8.312668,1.780089
-1.1348516,11.769896,2.0530279
-0.7038953,10.644621,1.9476831
-0.545878,8.183381,2.9771898
-1.3934253,11.45865,2.8431146
-2.7341783,12.215217,0.33399114
-2.777274,6.277597,0.5542577
-3.0597897,11.051635,2.7090392
4.4101195,9.610326,1.4449008
0.40222588,7.704541,2.9149406
-0.80924016,10.989386,3.5326445
-2.5474305,9.65821,0.20949265
-3.074155,6.2392898,0.7314286
-1.8052281,11.420342,1.1575965
2.2840683,8.892065,1.5693992
-0.51235914,7.2352777,2.493561
-1.532289,10.802638,3.1830912
-2.4995465,10.658986,0.19512744
-1.6376339,6.71813,2.1679497
-1.8579005,12.674904,3.1543608
0.6512229,10.5440645,1.8088194
-1.958457,7.1490865,1.6412252
-1.2354081,9.102755,3.120842
-2.9975405,10.907983,1.2389994
-1.1683705,10.237606,1.3682863
-1.3934253,7.6231384,1.3443443
-1.4030021,11.496957,1.5071499
#,#,#
0.7469909,11.046846,1.4784195
-1.3455414,8.389283,3.0202854
-1.3311762,11.784261,2.7665
-3.0119057,9.107543,0.094570965
-2.7868507,6.847417,-0.9588778
-2.0733786,11.602302,1.0809821
2.4708161,8.7292595,-0.60453594
-0.47884035,7.2448545,1.8136078
-1.5658079,10.960655,2.622848
-3.7588966,10.43872,-0.4177882
-1.0007763,7.9822683,1.7082629
-1.316811,10.036493,2.2732944
0.7278373,11.535264,-0.5710171
-2.3558946,7.7667904,0.8607155
-1.2976574,8.901642,2.9819782
-3.1747115,9.859323,0.80325466
-1.340753,10.184934,1.804031
-1.0199299,8.149862,1.2916719
-0.7613561,11.971008,1.2773066
-0.33518824,10.34774,1.8854338
-1.043872,8.537724,2.7665
-1.5370775,11.463438,2.7473464
-3.0262709,10.362105,0.33399114
-2.336741,6.8905125,-0.17357962
-2.4133554,11.707646,1.3108255
3.514688,9.299079,0.12808979
-0.1388637,7.6949644,2.5222914
-1.8818425,11.473015,3.0250738
-2.4372973,9.662998,-0.47046062
-1.5131354,7.029376,1.1192893
-2.255338,11.860875,1.483208
1.4077905,8.992621,0.60214174
-1.2976574,7.1586633,1.3874398
-1.2114661,10.524911,2.7281928
-3.1411927,9.998186,0.5494693
-0.21068975,8.456321,1.8662802
-1.9297266,10.170568,3.4129345
0.39743748,11.774684,0.7170634
-2.1691468,8.75799,1.4065934
-1.3215994,9.11712,3.441665
-2.72939,11.69807,1.9524715
-1.6807296,10.457873,1.1911154
-1.388637,8.6574335,1.7657237
-1.2880806,11.87524,2.005144
0.2681506,10.328587,1.8231846
-0.62728083,8.365341,2.7234044
-1.2497733,11.87524,2.7665
-2.4372973,10.745177,0.2621651
-2.5378537,6.7468605,-0.80564886
-2.3989902,11.224017,1.875857
2.8203697,9.016563,0.37708676
-0.17238252,7.5848308,2.1057005
-1.4987702,11.15698,2.6515784
-2.4995465,9.653421,0.17118542
-0.7278373,7.177817,1.9333179
-1.8387469,10.611102,1.7561469
0.770933,11.152191,0.7170634
-1.8004397,7.493851,1.0618285
-1.2880806,9.696517,2.8048072
-3.2465374,10.922348,1.3874398
-0.7374141,9.993398,0.59256494
-1.5753847,8.623915,2.0386627
-1.3694834,12.047623,1.8710686
0.05267244,10.079589,0.8463503
-0.01436521,8.7053175,2.421735
-1.388637,12.109872,2.1583729
-1.1348516,10.472239,-1.3371617
-1.3742718,7.1826053,-0.16879122
-1.9153614,11.415554,1.8375498
2.9783869,10.041282,1.7944542
-0.110133275,8.145074,1.9476831
-0.7134721,11.401189,3.1399956
-1.9488802,10.127473,-1.3611037
-2.60968,6.459556,0.30047232
-1.7046716,11.281479,0.81761986
2.360683,9.088389,0.35793316
-0.7086837,7.311892,1.5693992
-1.2545617,10.903194,2.5701754
-3.193865,10.280702,0.19033903
-1.5945383,6.8522053,1.7274165
-1.508347,11.022904,2.4073699
1.1875241,10.520123,-0.59974754
-1.7142484,7.4603324,0.90381116
-1.4173675,8.671799,3.2549171
-3.9121256,11.176133,1.210269
-0.9624691,10.342952,0.6404489
-1.1923125,8.317456,2.7856536
-0.48841715,12.737153,0.94690675
0.23942018,10.299856,1.1049241
-0.7757214,8.628703,3.369839
-0.090979666,12.20564,3.2501287
-2.3463178,10.34774,0.21428105
-2.5617957,7.1155677,0.58298814
-2.4851813,11.860875,2.8526914
1.8579005,8.542512,-0.08259996
-0.9576807,7.2544312,2.067393
-1.5993267,11.827356,2.8909986
-3.2561142,9.701305,0.2621651
-1.5801731,6.9958572,1.851915
-1.7429788,11.099519,1.6891093
0.58897364,10.400413,-0.05865794
-2.3558946,6.8522053,0.8367735
-1.412579,9.682152,2.9388826
-3.6104562,10.836157,0.6739678
-0.40701428,9.064447,1.8231846
-1.1827357,8.724471,2.5462334
-0.2681506,12.315774,0.9900024
-1.6663644,10.251971,1.7992426
-1.1204864,8.801085,2.8622682
-3.0119057,11.587936,1.7082629
-1.9728222,11.209652,1.1815386
-1.4269443,7.2065473,0.7170634
-2.2888567,11.707646,2.622848
1.6232687,11.046846,1.6460136
-0.8714894,8.169016,3.3602622
-0.4261679,11.281479,3.3267434
-2.7820623,9.615114,-0.12090719
-1.6280571,6.277597,1.0570401
-2.2457612,11.947066,1.0905589
2.4660277,8.523358,-0.8583213
-0.49799395,7.177817,1.5215151
-1.115698,11.075577,2.3451207
-4.4101195,10.16578,-0.36990416
-2.327164,7.0245876,0.49679685
-2.2409728,11.473015,-0.1592144
1.2401965,9.083601,-1.2653356
-0.93852705,7.144298,1.1528081
-1.364695,10.328587,2.4983494
-2.9735985,10.232818,0.5351041
-0.02873042,8.183381,2.2014685
-1.2354081,10.184934,2.5845408
0.1436521,11.631032,0.6356605
-1.6759412,7.920019,0.5494693
-1.1779473,9.150639,2.9580362
-3.2992098,11.415554,1.1671734
-1.4077905,9.959879,1.5167267
-1.1300632,8.892065,2.5079262
-0.7469909,11.880029,1.1240777
-0.842759,10.821792,1.186327
-1.436521,8.6334915,2.8622682
-0.7326257,11.444284,2.9101522
-3.2082303,9.399636,0.04189853
-2.3558946,6.6271505,1.0043676
-2.456451,11.573571,1.5837644
2.384625,8.212111,0.58777654
-0.29209262,7.651869,1.62686
-1.2641385,11.535264,2.7329812
-2.542642,9.3182335,-0.29807812
-1.0486604,7.2352777,1.7274165
-1.2785037,11.104307,1.2246342
#,#,#
1.1875241,10.093954,1.0953473
-0.9959879,6.2584434,1.2533646
-1.2114661,9.648633,3.2692823
-3.289633,10.16578,0.5590461
-0.22026655,9.653421,1.3060371
-1.7429788,8.944737,3.1495724
0.033518825,12.291832,1.6986861
-0.91458505,10.424355,1.3156139
-1.2880806,8.025364,2.7234044
-2.6671407,11.066,1.9381063
-1.661576,11.33894,1.7657237
-2.1260512,7.8529816,0.760159
-2.0015526,11.774684,2.3116016
0.6607997,10.936713,1.62686
-1.5897499,8.274361,3.1543608
-0.7134721,11.81778,2.9053638
-2.336741,10.6398325,0.60693014
-2.1068976,6.967127,0.90859956
-2.3942018,11.314998,2.0290859
2.1068976,9.504981,0.736217
-0.8810662,7.4028716,2.4169466
-1.4508862,11.425131,3.3363202
-2.4756045,9.370906,0.664391
-0.93852705,7.1490865,2.19668
-1.3838485,10.79785,1.1145009
0.8331822,11.056423,-0.25977087
-2.0159178,7.0102224,1.4257472
-1.0726024,9.466674,2.4648306
-3.5338416,10.759542,1.282095
-1.2785037,9.581595,0.94690675
-1.4556746,8.882488,3.2597055
-1.1683705,12.100295,1.2246342
0.18674773,10.290278,1.7944542
-1.0295067,8.494628,2.8335378
-0.6512229,11.7268,2.9149406
-2.9113493,10.0029745,0.48722005
-2.8778305,7.005434,0.89423436
-2.4277205,11.377247,2.4504654
1.436521,8.810662,0.30526072
-0.38307226,7.800309,1.8136078
-1.8195933,10.955867,2.5462334
-2.4229321,9.749189,0.7410054
-1.0821792,7.335834,1.483208
-1.4556746,10.28549,1.1336545
0.93373865,10.85531,0.9947908
-1.6280571,7.302315,1.7034745
-1.3551182,9.088389,3.0202854
-3.466804,10.903194,1.0905589
-0.4357447,10.146626,0.7745243
-1.1204864,8.42759,2.4791958
-0.6512229,11.803414,0.93254155
-0.61291564,10.524911,0.40581718
-0.9624691,8.791509,3.3889925
-0.50757074,11.832145,2.4361002
-3.1268275,11.104307,-0.40821138
-2.4756045,7.2927384,0.52073884
-2.3127987,10.754754,2.8000188
1.4652514,9.610326,0.24301147
-0.46926352,8.154651,2.6372132
-1.8004397,11.405977,2.8431146
-2.6001031,9.562442,-0.7194576
-2.3080103,7.1347213,1.1432313
-1.9919758,11.386824,1.0761937
1.7812861,9.892841,0.4297592
-1.0726024,6.315904,1.3587095
-1.3120226,9.643845,2.5366566
-3.145981,11.190498,1.1001357
-1.1827357,9.643845,1.2677298
-1.3838485,8.647857,3.1160536
-0.7278373,12.981361,0.7266402
-1.1683705,10.539276,1.5167267
-1.4221559,8.446744,2.9867666
-1.2066777,11.836933,2.6420016
-3.0262709,9.792285,-0.05865794
-2.4708161,6.9000893,0.14724341
-2.6048915,10.601525,2.6084828
2.7820623,9.3661175,1.2150574
-0.5410896,8.1402855,2.4552538
-2.1068976,11.745954,3.0298622
-2.1452048,8.992621,0.08499416
-1.5658079,7.0581064,1.4496891
-1.8148049,11.051635,1.1049241
1.6376339,9.720459,0.6548142
-1.2114661,7.120356,1.4688427
-1.4652514,9.835381,3.0873232
-3.1603463,10.472239,1.0283096
-0.80924016,9.466674,2.0099323
-1.2497733,9.040505,3.2022448
-0.07182605,12.162544,1.0043676
-1.5705963,10.898406,1.9381063
-1.2689269,8.456321,3.0777464
-1.3934253,11.769896,2.8287494
-2.4277205,11.410766,0.32441434
-2.0973208,7.1490865,0.6452374
-1.982399,11.008539,2.6372132
2.2026656,9.816227,1.1767502
-0.4213795,8.178593,2.4983494
-1.0390835,11.439496,3.21661
-2.657564,9.864111,-0.17357962
-1.3455414,6.8761473,1.6172832
-1.6376339,11.87524,1.0522517
1.043872,10.405201,0.81761986
-2.4181437,7.302315,1.5885528
-1.2401965,9.165004,3.0681696
-3.6391866,11.027693,0.8607155
-0.22984336,9.203311,2.2589293
-1.3455414,9.069236,3.3506854
-0.17717093,12.339716,1.0474633
-1.7142484,10.500969,1.401805
-0.8619126,8.346188,3.0921116
-0.91458505,11.942278,2.8048072
-2.2649148,10.34774,1.1097125
-1.9488802,7.1634517,-0.17357962
-2.2840683,11.061212,2.9963434
3.371036,9.160215,0.3196259
-0.21068975,7.848193,2.7138276
-1.0773908,11.104307,3.063381
-1.460463,9.600749,-1.1504139
-1.2401965,6.8330517,1.0714053
-2.2409728,10.884041,0.31004912
0.6751649,10.266336,0.32920274
-0.92895025,6.7564373,0.50158525
-1.8626889,10.5680065,3.2549171
-2.3942018,10.6158905,0.33399114
-0.19153613,8.6574335,1.3874398
-1.460463,8.714894,2.9532478
-0.18195933,12.119449,1.2150574
-0.9864111,10.778696,1.3634979
-1.3982137,7.5944076,2.7665
-1.7429788,12.167333,2.9101522
-2.7341783,10.0029745,0.46806642
-2.006341,7.043741,0.78410107
-2.2505496,11.444284,2.694674
2.9879637,9.160215,1.1911154
0.10534488,7.541735,2.6755204
-1.5753847,11.664551,3.1016884
-2.6144683,9.208099,-0.62368953
-2.6001031,6.588843,1.3012487
-2.0590134,11.631032,0.4345476
2.0494366,9.112331,0.6596026
-0.62728083,7.015011,1.7561469
-1.3120226,11.190498,3.1064768
-2.8107927,10.132261,-0.2645593
-1.2114661,7.393295,1.6986861
-1.3599066,11.123461,1.780089
0.49799395,10.749966,0.142455
-1.7381904,7.73806,1.3395559
-1.1492168,9.299079,2.8909986
-3.0885203,11.506534,1.3730747
-0.7422025,9.739613,1.3826514
#,#,#
-0.8714894,8.446744,2.5893292
-0.6991069,12.038046,1.0235212
-1.1300632,10.323798,1.4065934
-1.3694834,8.432379,3.0011318
-1.5897499,11.022904,2.8191724
-2.657564,10.6877165,0.78410107
-2.1499932,6.766014,0.14724341
-2.135628,11.061212,2.1535845
3.347094,8.935161,0.8798691
0.4213795,7.608773,2.5031378
-1.0103531,10.874464,2.6276364
-2.7629087,9.969456,-1.7633295
-1.8243817,7.369353,1.5119383
-0.7661445,11.291056,1.3634979
1.6089035,9.753978,2.2732944
-1.7621324,7.7428484,1.4879963
-1.0869676,9.696517,2.3068132
-3.2752678,11.21444,-0.2693477
0.05746084,8.264784,1.4544775
-1.3694834,9.370906,2.3259668
0.2681506,11.903971,0.09935937
-3.6152446,8.935161,1.6938977
-1.1540052,8.7771435,2.8000188
-3.7588966,11.674128,1.1384429
-1.067814,10.539276,0.9900024
-1.1731589,7.3166804,1.3491327
-1.2306197,12.220005,1.5741876
0.15801731,9.77792,1.9668367
-0.6991069,8.513782,2.4791958
-1.1204864,11.334151,2.943671
-2.7006595,10.793061,0.39145198
-1.9201498,6.531382,1.1767502
-2.2361844,11.391612,2.4313118
2.336741,8.662222,0.04189853
-0.4213795,7.6853876,2.2062569
-1.5753847,11.348516,2.7712884
-2.858677,9.481039,-0.34117374
-1.541866,7.4028716,1.401805
-1.5801731,10.836157,0.7553706
0.6368576,10.5440645,0.90381116
-1.4460979,7.4363904,1.1528081
-1.1492168,9.500193,3.6284127
-2.6910827,11.999739,1.4065934
-1.3503298,10.457873,0.6739678
-1.0534488,7.714118,1.8950106
-0.91937345,11.492168,1.5837644
2.1978772,9.730036,0.6787562
-0.8283938,8.154651,3.393781
0.2825158,10.644621,2.8622682
-2.6910827,10.644621,0.40581718
-1.0965444,7.345411,-0.08259996
-1.364695,10.141838,2.2349873
-2.0973208,9.859323,0.7074866
0.4261679,9.097966,1.9093759
0.16280572,9.734824,1.0235212
-0.320823,9.581595,0.29568392
-1.4221559,9.193734,0.60214174
-1.7717092,9.509769,0.49679685
-2.3463178,9.615114,0.6548142
-1.8722657,9.437943,-0.25498247
0.9911995,11.190498,0.17597382
0.3878607,8.78672,0.17597382
0.7182605,9.983821,0.79367787
-1.0726024,10.563218,-0.8774749
-0.9576807,9.9550905,1.1384429
-1.364695,8.590396,1.9812019
-1.6280571,10.864887,1.5502456
2.858677,7.2927384,1.0139444
-0.11492168,7.896077,2.3259668
-1.3072342,11.602302,2.7856536
-2.4516625,10.25676,-0.61411273
-0.6560113,8.566454,2.670732
-1.3359646,9.198523,1.6316484
0.090979666,12.349293,0.2765303
-0.4261679,10.520123,0.23822308
0.36391866,8.058883,1.4640543
0.21547815,10.697293,1.8375498
-2.6144683,6.7133417,0.03232172
-2.2170308,7.8050976,-0.3890578
-1.8483237,11.482592,1.3060371
1.532289,10.850522,-0.2741361
-0.641646,7.067683,1.5119383
-1.4413095,10.769119,2.3451207
-2.954445,10.754754,-0.81522566
-1.0199299,8.7292595,1.6938977
-0.91458505,9.361329,1.6843209
0.7661445,11.334151,0.50637364
-1.436521,10.275913,0.7697359
-0.6847417,8.034941,2.847903
-1.70946,11.841722,2.3403323
-1.9632454,10.922348,0.1376666
-1.5179238,7.216124,0.24301147
-1.6232687,11.918336,1.4257472
1.6328455,8.743625,1.7369933
-1.2066777,8.336611,3.2932243
-0.92416185,11.286267,2.9628246
-2.6767175,8.42759,-0.7769185
-1.5945383,7.589619,0.8798691
-0.91937345,11.659762,1.578976
1.8722657,9.624691,-1.2413936
-0.8475474,6.6989765,0.11851298
-0.24899697,10.6158905,2.0721815
-2.8682537,10.338163,-0.09696517
-1.3503298,9.279925,1.7130513
-0.94331545,8.303091,1.0187328
0.5315128,11.971008,0.90859956
1.388637,11.061212,-0.10175357
-0.7757214,8.451532,2.31639
-0.22026655,10.472239,2.0626047
-3.4045548,10.390836,-1.8734628
-1.5179238,8.279149,-1.0546459
-2.0494366,9.849746,1.3634979
1.3263878,10.079589,-0.62847793
1.1971009,8.863335,0.037110128
1.4221559,8.983045,2.493561
2.3989902,9.241618,1.3730747
1.8052281,9.323022,0.58298814
1.3551182,9.605537,-0.1352724
1.163582,9.624691,0.022744916
1.2880806,9.782708,0.7793127
1.2162545,9.65821,0.736217
1.3072342,9.68694,0.9708488
1.3503298,9.615114,1.1815386
1.484405,9.629479,1.1623849
1.4748282,9.548077,1.1815386
1.3024458,9.701305,1.1336545
1.1827357,9.610326,0.9516952
1.0630256,9.390059,0.8846575
1.3694834,8.959103,0.37708676
3.3997664,8.508993,-0.82001406
2.5187001,6.7947445,-2.2852654
3.1507695,6.2488666,-3.693056
2.0254946,6.167464,-5.7664347
2.6910827,5.971139,-7.0928226
1.8770541,4.3622355,-7.7823524
1.1587936,3.620033,-8.352173
2.384625,2.0829554,-7.763199
2.5378537,2.552219,-7.1550717
4.414908,5.0374002,-5.7424927
2.96881,8.298303,-7.5908165
0.6607997,11.789049,-5.957971
-0.023942016,8.121132,2.9101522
0.0,9.165004,3.9348705
-0.45010993,9.356541,3.0059202
0.05746084,9.595961,2.005144
-0.34955344,10.060435,1.2246342
0.320823,9.102755,2.943671
-0.63206923,9.892841,2.7665
-0.46447513,9.782708,2.2828712
-0.12928689,9.931149,2.5845408
#,#,#
0.3878607,11.87524,3.240552
0.545878,9.921572,2.7808652
0.81881696,6.339846,0.4345476
-0.062249243,7.704541,0.046686932
-2.0015526,10.453085,1.5741876
-1.2306197,9.050082,3.3554738
-2.231396,9.864111,5.577293
-2.5139117,6.3302693,6.7839704
-3.0885203,7.0820484,8.991425
-0.59855044,4.2760444,10.303447
1.2737153,4.3526587,8.900445
1.163582,4.7740383,9.384073
1.1061212,5.3438582,7.4447703
-0.20590134,3.371036,10.269928
-0.59376204,3.8738184,10.269928
-1.3263878,4.1706996,11.040861
-0.5410896,3.596091,10.380061
0.038307227,3.5051112,10.26514
-0.22505496,4.050989,10.269928
0.10534488,4.4244847,9.728839
0.35913026,4.3382936,10.226832
0.19153613,4.4340615,9.728839
0.22026655,4.213795,10.044873
0.2681506,4.2042184,9.996989
0.2681506,4.132392,10.389638
0.34476504,4.1802764,9.96347
0.33039984,4.1802764,10.068815
0.30645782,4.280833,10.087969
0.39743748,4.1036615,10.020931
0.31603462,4.2521024,9.982624
0.35913026,4.036624,10.049662
0.37828386,4.1276035,10.087969
0.3878607,4.132392,10.020931
0.3878607,4.0892963,9.968259
0.2633622,4.405331,9.791088
-0.31124622,4.9559975,9.824607
0.18195933,4.525041,9.7479925
0.20111294,4.5394063,10.107122
0.25857377,4.4915223,9.690532
0.2633622,4.5633483,9.915586
0.56982,4.367024,9.556456
-0.5602432,5.650316,9.2547865
-1.3551182,5.6790466,9.652225
-0.33518824,4.865018,10.059238
0.0047884034,4.620809,9.728839
-0.56982,5.085284,9.618706
-0.08140286,4.7644615,9.455899
0.15801731,4.620809,9.781511
0.06703765,4.3766007,10.705673
0.009576807,4.644751,9.431957
-0.15322891,4.9081135,9.8198185
-0.17238252,5.12838,9.355343
-0.25378537,4.9799395,9.637859
-0.7757214,5.0374002,9.613917
-0.32561144,4.9895163,9.551667
-0.45010993,5.023035,9.613917
-0.31124622,4.9224787,9.671378
-0.34955344,4.960786,9.580399
-0.2777274,4.9320555,9.680955
-0.31124622,4.951209,9.470264
-0.31603462,4.9943047,9.858126
-0.23942018,5.032612,9.604341
-0.22505496,5.0038815,9.494206
-0.2777274,5.00867,9.599552
-0.2777274,5.0374002,9.613917
-0.24420857,4.9464207,9.633071
-0.21547815,5.0421886,9.475053
-0.24899697,4.999093,9.494206
-0.21547815,5.0134583,9.628283
-0.23463176,5.085284,9.661801
-0.25378537,5.0517654,9.604341
-0.22026655,5.0134583,9.566033
-0.23463176,5.056554,9.522937
-0.22026655,5.104438,9.642648
-0.2825158,5.032612,9.54209
-0.19153613,5.1810527,9.7240505
-0.25857377,4.9703627,9.551667
-0.2633622,5.0374002,9.527725
-0.33518824,5.0757074,9.743204
-0.38307226,5.0182467,9.475053
-0.21068975,4.999093,9.738416
-0.2681506,5.032612,9.652225
-0.25378537,5.070919,9.54209
-0.23942018,5.046977,9.671378
-0.18674773,4.999093,9.384073
-0.25378537,4.984728,9.479841
-0.21547815,5.070919,9.566033
-0.21068975,5.0900726,9.54209
-0.15322891,5.080496,9.589975
-0.22984336,5.056554,9.431957
-0.1340753,5.0757074,9.518148
-0.17238252,5.0757074,9.39365
-0.10055647,5.00867,9.475053
-0.21068975,5.118803,9.589975
-0.18195933,5.0182467,9.657013
-0.12928689,5.0613422,9.628283
-0.15322891,5.0134583,9.652225
-0.11971009,4.951209,9.580399
-0.10534488,4.927267,9.570822
-0.21068975,4.960786,9.685743
-0.12449849,5.056554,9.642648
-0.20590134,4.9895163,9.623494
-0.22984336,5.00867,9.57561
-0.18674773,5.0182467,9.589975
-0.11492168,4.9655743,9.628283
-0.20111294,4.999093,9.604341
-0.25857377,5.00867,9.628283
-0.18674773,5.0421886,9.637859
-0.23942018,5.0134583,9.623494
-0.205